{
    "$schema": "https://schema.management.azure.com/schemas/2019-04-01/deploymentParameters.json#",
    "contentVersion": "1.0.0.0",
    "parameters": {
      "name": {
        "value": "gdw-analytics-northeurope"
      },
      "location": {
        "value": "northeurope"
      },
      "addressSpace": {
        "value": "10.106.2.0/24"
      },
      "defaultSubnetPrefix": {
        "value": "10.106.2.0/27"
      },
      "powerPlatformSubnetPrefix": {
        "value": "10.106.2.32/27"
      },
      "vnetPeerName": {
        "value": "gdw-westeurope"
      },
      "RemoteVnetId": {
        "value": "/subscriptions/7691eda1-7a89-4ba7-9476-aef72b974156/resourceGroups/dwh-prod-we-rg/providers/Microsoft.Network/virtualNetworks/odwprod-westeurope-vnet"
      },
      "fabricAdmins": {
        "value": [
          "colm.coughlan@outseerreport.onmicrosoft.com",
          "rajat.nirhale@outseerreport.onmicrosoft.com",
          "vlad.bulatnikov@outseerreport.onmicrosoft.com"
        ]
      }
    }
  }