{
	"name": "ParquetUnpartitioned_b",
	"properties": {
		"linkedServiceName": {
			"referenceName": "LocalLakeStorage_b",
			"type": "LinkedServiceReference"
		},
		"parameters": {
			"table": {
				"type": "String"
			},
			"container": {
				"type": "string"
			}
		},
		"annotations": [],
		"type": "Parquet",
		"typeProperties": {
			"location": {
				"type": "AzureBlobFSLocation",
				"folderPath": {
					"value": "@dataset().table",
					"type": "Expression"
				},
				"fileSystem": {
					"value": "@dataset().container",
					"type": "Expression"
				}
			},
			"compressionCodec": "snappy"
		},
		"schema": []
	},
	"type": "Microsoft.Synapse/workspaces/datasets"
}