{
	"name": "Unzipped_Dataset",
	"properties": {
		"linkedServiceName": {
			"referenceName": "LocalLakeStorage",
			"type": "LinkedServiceReference"
		},
		"parameters": {
			"date": {
				"type": "string"
			},
			"tenant": {
				"type": "String"
			}
		},
		"annotations": [],
		"type": "Binary",
		"typeProperties": {
			"location": {
				"type": "AzureBlobStorageLocation",
				"folderPath": {
					"value": "@concat('unzipped','/tenant=',dataset().tenant,'/date=',dataset().date)",
					"type": "Expression"
				},
				"container": "t1-fmop"
			}
		}
	},
	"type": "Microsoft.Synapse/workspaces/datasets"
}