{
  "$schema": "https://schema.management.azure.com/schemas/2019-04-01/deploymentParameters.json#",
  "contentVersion": "1.0.0.0",
  "parameters": {
    "projectName": {
      "value": "gdnprodus"
    },
    "location": {
      "value": "eastus"
    },
    "vnetAddressSpace": {
      "value": "10.107.5.0/24"
    },
    "accessSubnetPrefix": {
      "value": "10.107.5.0/27"
    },
    "storageOpts": {
      "value": {
        "coolTtlDays": 90,
        "deleteTtlDays": 730
      }
    },
    "trustedTenants": {
      "value": [
        "3aaf765b-e92e-44b3-afe9-12becd9c6fb3"
      ]
    },
    "gdwStrgAccountsPrivEndpoints": {
      "value": [
        {
          "name": "odwproduseastus-fmc",
          "id": "/subscriptions/7691eda1-7a89-4ba7-9476-aef72b974156/resourceGroups/dwh-prod-eastus-rg/providers/Microsoft.Storage/storageAccounts/odwproduseastus"
        },
        {
          "name": "odwprodwesteurope-fmc",
          "id": "/subscriptions/7691eda1-7a89-4ba7-9476-aef72b974156/resourceGroups/dwh-prod-we-rg/providers/Microsoft.Storage/storageAccounts/odwprodwesteurope"
        },
        {
          "name": "odwproduseastus-tds",
          "id": "/subscriptions/7691eda1-7a89-4ba7-9476-aef72b974156/resourceGroups/dwh-prod-eastus-rg/providers/Microsoft.Storage/storageAccounts/odwproduseastustds"
        },
        {
          "name": "odwprodwesteurope-tds",
          "id": "/subscriptions/7691eda1-7a89-4ba7-9476-aef72b974156/resourceGroups/dwh-prod-we-rg/providers/Microsoft.Storage/storageAccounts/odwprodwesteuropetds"
        }
      ]
    },
    "cleanupDeploymentUser": {
      "value": false
    }
  }
}