{
	"name": "LocalSequentialRuntime",
	"properties": {
		"type": "Managed",
		"description": "This runtime is in the same location as the Synapse workspace.",
		"typeProperties": {
			"computeProperties": {
				"location": "West Europe",
				"dataFlowProperties": {
					"computeType": "General",
					"coreCount": 8,
					"timeToLive": 10,
					"cleanup": false,
					"customProperties": []
				},
				"copyComputeScaleProperties": {
					"dataIntegrationUnit": 4,
					"timeToLive": 5
				},
				"pipelineExternalComputeScaleProperties": {
					"timeToLive": 5,
					"numberOfPipelineNodes": 1,
					"numberOfExternalNodes": 1
				}
			}
		},
		"managedVirtualNetwork": {
			"type": "ManagedVirtualNetworkReference",
			"referenceName": "default"
		}
	}
}