{
	"name": "BACKFILL_DATA",
	"properties": {
		"activities": [
			{
				"name": "Lookup DM Audit",
				"type": "Lookup",
				"dependsOn": [],
				"policy": {
					"timeout": "0.12:00:00",
					"retry": 0,
					"retryIntervalInSeconds": 30,
					"secureOutput": false,
					"secureInput": false
				},
				"userProperties": [],
				"typeProperties": {
					"source": {
						"type": "SqlDWSource",
						"sqlReaderQuery": "WITH Numbers AS (\n    SELECT ROW_NUMBER() OVER (ORDER BY (SELECT NULL)) - 1 AS n\n    FROM (VALUES(0),(1),(2),(3),(4),(5),(6),(7),(8),(9)) AS x(n)\n    CROSS JOIN (VALUES(0),(1),(2),(3),(4),(5),(6),(7),(8),(9)) AS y(n)\n    CROSS JOIN (VALUES(0),(1),(2),(3),(4),(5),(6),(7),(8),(9)) AS z(n)\n),\nDateRange AS (\n    SELECT CONVERT(VARCHAR(10), DATEADD(day, -2, GETDATE()), 120) AS date\n),\nTenantDates AS (\n    SELECT DISTINCT PARTITION_TENANT AS tenant, CONVERT(VARCHAR(10), PARTITION_DATE, 120) AS date\n    FROM FMC_T1.DM_AUDIT_V\n)\nSELECT\n    t.tenant,\n    d.date\nFROM\n    (SELECT DISTINCT PARTITION_TENANT AS tenant FROM FMC_T1.DM_AUDIT_V) t\nCROSS JOIN\n    DateRange d\nLEFT JOIN\n    TenantDates td\nON\n    t.tenant = td.tenant AND d.date = td.date\nWHERE\n    td.date IS NULL AND t.tenant NOT IN ('wirecard')\nORDER BY\n    t.tenant;\n",
						"queryTimeout": "02:00:00",
						"partitionOption": "None"
					},
					"dataset": {
						"referenceName": "Azure_Synapse_Database",
						"type": "DatasetReference"
					},
					"firstRowOnly": false
				}
			},
			{
				"name": "ForEach DM Audit",
				"type": "ForEach",
				"dependsOn": [
					{
						"activity": "Lookup DM Audit",
						"dependencyConditions": [
							"Succeeded"
						]
					}
				],
				"userProperties": [],
				"typeProperties": {
					"items": {
						"value": "@activity('Lookup DM Audit').output.value",
						"type": "Expression"
					},
					"isSequential": true,
					"activities": [
						{
							"name": "Set Date DM Audit",
							"type": "SetVariable",
							"dependsOn": [],
							"policy": {
								"secureOutput": false,
								"secureInput": false
							},
							"userProperties": [],
							"typeProperties": {
								"variableName": "date",
								"value": {
									"value": "@if(greater(length(trim(item().date)),4),item().date, formatDateTime(adddays(pipeline().TriggerTime, -1), 'yyyy-MM-dd'))",
									"type": "Expression"
								}
							}
						},
						{
							"name": "DM Audit",
							"type": "Copy",
							"dependsOn": [
								{
									"activity": "Set Date DM Audit",
									"dependencyConditions": [
										"Succeeded"
									]
								}
							],
							"policy": {
								"timeout": "0.12:00:00",
								"retry": 5,
								"retryIntervalInSeconds": 300,
								"secureOutput": false,
								"secureInput": false
							},
							"userProperties": [],
							"typeProperties": {
								"source": {
									"type": "SqlServerSource",
									"sqlReaderQuery": {
										"value": "@concat('Select *\n from DM_AUDIT with (nolock) where CAST(EVENT_TIME as date) =''',replace(variables('date'),'-',''),'''')",
										"type": "Expression"
									},
									"queryTimeout": "02:00:00",
									"partitionOption": "None"
								},
								"sink": {
									"type": "ParquetSink",
									"storeSettings": {
										"type": "AzureBlobFSWriteSettings"
									},
									"formatSettings": {
										"type": "ParquetWriteSettings"
									}
								},
								"enableStaging": false
							},
							"inputs": [
								{
									"referenceName": "SQL_Server_Database",
									"type": "DatasetReference",
									"parameters": {
										"database": {
											"value": "@concat('rsa_reports_', item().tenant)",
											"type": "Expression"
										}
									}
								}
							],
							"outputs": [
								{
									"referenceName": "Parquet",
									"type": "DatasetReference",
									"parameters": {
										"date": {
											"value": "@variables('date')",
											"type": "Expression"
										},
										"tenant": {
											"value": "@item().tenant",
											"type": "Expression"
										},
										"table": "dm_audit",
										"container": "t1-fmc"
									}
								}
							]
						}
					]
				}
			},
			{
				"name": "Lookup App Event Update",
				"type": "Lookup",
				"dependsOn": [],
				"policy": {
					"timeout": "0.12:00:00",
					"retry": 0,
					"retryIntervalInSeconds": 30,
					"secureOutput": false,
					"secureInput": false
				},
				"userProperties": [],
				"typeProperties": {
					"source": {
						"type": "SqlDWSource",
						"sqlReaderQuery": "WITH Numbers AS (\n    SELECT ROW_NUMBER() OVER (ORDER BY (SELECT NULL)) - 1 AS n\n    FROM (VALUES(0),(1),(2),(3),(4),(5),(6),(7),(8),(9)) AS x(n)\n    CROSS JOIN (VALUES(0),(1),(2),(3),(4),(5),(6),(7),(8),(9)) AS y(n)\n    CROSS JOIN (VALUES(0),(1),(2),(3),(4),(5),(6),(7),(8),(9)) AS z(n)\n),\nDateRange AS (\n    SELECT CONVERT(VARCHAR(10), DATEADD(day, -2, GETDATE()), 120) AS date\n),\nTenantDates AS (\n    SELECT DISTINCT PARTITION_TENANT AS tenant, CONVERT(VARCHAR(10), PARTITION_DATE, 120) AS date\n    FROM FMC_T1.APP_EVENT_UPDATE_V\n)\nSELECT\n    t.tenant,\n    d.date\nFROM\n    (SELECT DISTINCT PARTITION_TENANT AS tenant FROM FMC_T1.APP_EVENT_UPDATE_V) t\nCROSS JOIN\n    DateRange d\nLEFT JOIN\n    TenantDates td\nON\n    t.tenant = td.tenant AND d.date = td.date\nWHERE\n    td.date IS NULL AND t.tenant NOT IN ('wirecard')\nORDER BY\n    t.tenant;\n",
						"queryTimeout": "02:00:00",
						"partitionOption": "None"
					},
					"dataset": {
						"referenceName": "Azure_Synapse_Database",
						"type": "DatasetReference"
					},
					"firstRowOnly": false
				}
			},
			{
				"name": "ForEach App Event Update",
				"type": "ForEach",
				"dependsOn": [
					{
						"activity": "Lookup App Event Update",
						"dependencyConditions": [
							"Succeeded"
						]
					}
				],
				"userProperties": [],
				"typeProperties": {
					"items": {
						"value": "@activity('Lookup App Event Update').output.value",
						"type": "Expression"
					},
					"isSequential": true,
					"activities": [
						{
							"name": "Set Date APP_EVENT_UPDATE",
							"type": "SetVariable",
							"dependsOn": [],
							"policy": {
								"secureOutput": false,
								"secureInput": false
							},
							"userProperties": [],
							"typeProperties": {
								"variableName": "date",
								"value": {
									"value": "@if(greater(length(trim(item().date)),4),item().date, formatDateTime(adddays(pipeline().TriggerTime, -1), 'yyyy-MM-dd'))",
									"type": "Expression"
								}
							}
						},
						{
							"name": "APP_EVENT_UPDATE",
							"type": "Copy",
							"dependsOn": [
								{
									"activity": "Set Date APP_EVENT_UPDATE",
									"dependencyConditions": [
										"Succeeded"
									]
								}
							],
							"policy": {
								"timeout": "0.12:00:00",
								"retry": 5,
								"retryIntervalInSeconds": 300,
								"secureOutput": false,
								"secureInput": false
							},
							"userProperties": [],
							"typeProperties": {
								"source": {
									"type": "SqlServerSource",
									"sqlReaderQuery": {
										"value": "@concat('Select\nEVENT_ID\n,CHALLENGE_SUCCESSFUL\n,CUSTOM_MARK\n,SYS_CREATION_DATE\n,LASTMODIFIED\n,COLOR_LEVEL\n,BC_PRELIMINARY_SCORE\n,BC_REASON_LIST\n,BC_RISK_SCORE\n,LAST_AUTH_METHOD_DATA\n,LAST_AUTH_METHOD_USED\n,BC_LAST_UPDATED\n,BC_FLAGGED\n,FLAGGED\n,EVENT_TIME\n,convert(varchar(200),(case \n    when UPDATED_BY is null\n    then null \n    else hashbytes(''SHA2_256'', concat(''aegis'',UPDATED_BY))\n    end),2) as UPDATED_BY\n,SCAM_MARKED\n,CDF_VALUE\n from APP_EVENT_UPDATE with (nolock) where CAST(LASTMODIFIED as date) =''',replace(variables('date'),'-',''),'''')",
										"type": "Expression"
									},
									"queryTimeout": "02:00:00",
									"partitionOption": "None"
								},
								"sink": {
									"type": "ParquetSink",
									"storeSettings": {
										"type": "AzureBlobFSWriteSettings"
									},
									"formatSettings": {
										"type": "ParquetWriteSettings"
									}
								},
								"enableStaging": false
							},
							"inputs": [
								{
									"referenceName": "SQL_Server_Database",
									"type": "DatasetReference",
									"parameters": {
										"database": {
											"value": "@concat('rsa_reports_', item().tenant)",
											"type": "Expression"
										}
									}
								}
							],
							"outputs": [
								{
									"referenceName": "Parquet",
									"type": "DatasetReference",
									"parameters": {
										"date": {
											"value": "@variables('date')",
											"type": "Expression"
										},
										"tenant": {
											"value": "@item().tenant",
											"type": "Expression"
										},
										"table": "app_event_update",
										"container": "t1-fmc"
									}
								}
							]
						}
					]
				}
			},
			{
				"name": "ForEach Event Feedback",
				"type": "ForEach",
				"dependsOn": [
					{
						"activity": "Lookup Event Feedback",
						"dependencyConditions": [
							"Succeeded"
						]
					}
				],
				"userProperties": [],
				"typeProperties": {
					"items": {
						"value": "@activity('Lookup Event Feedback').output.value",
						"type": "Expression"
					},
					"isSequential": true,
					"activities": [
						{
							"name": "Set Date Event Feedback",
							"type": "SetVariable",
							"dependsOn": [],
							"policy": {
								"secureOutput": false,
								"secureInput": false
							},
							"userProperties": [],
							"typeProperties": {
								"variableName": "date",
								"value": {
									"value": "@if(greater(length(trim(item().date)),4),item().date, formatDateTime(adddays(pipeline().TriggerTime, -1), 'yyyy-MM-dd'))",
									"type": "Expression"
								}
							}
						},
						{
							"name": "Event Feedback",
							"type": "Copy",
							"dependsOn": [
								{
									"activity": "Set Date Event Feedback",
									"dependencyConditions": [
										"Succeeded"
									]
								}
							],
							"policy": {
								"timeout": "0.12:00:00",
								"retry": 5,
								"retryIntervalInSeconds": 300,
								"secureOutput": false,
								"secureInput": false
							},
							"userProperties": [],
							"typeProperties": {
								"source": {
									"type": "SqlServerSource",
									"sqlReaderQuery": {
										"value": "@concat('Select * from EVENT_FEEDBACK with (nolock) where CAST(LASTMODIFIED as date)=''',replace(variables('date'),'-',''),'''')",
										"type": "Expression"
									},
									"queryTimeout": "02:00:00",
									"partitionOption": "None"
								},
								"sink": {
									"type": "ParquetSink",
									"storeSettings": {
										"type": "AzureBlobFSWriteSettings"
									},
									"formatSettings": {
										"type": "ParquetWriteSettings"
									}
								},
								"enableStaging": false
							},
							"inputs": [
								{
									"referenceName": "SQL_Server_Database",
									"type": "DatasetReference",
									"parameters": {
										"database": {
											"value": "@concat('cre_offline_', item().tenant)",
											"type": "Expression"
										}
									}
								}
							],
							"outputs": [
								{
									"referenceName": "Parquet",
									"type": "DatasetReference",
									"parameters": {
										"date": {
											"value": "@variables('date')",
											"type": "Expression"
										},
										"tenant": {
											"value": "@item().tenant",
											"type": "Expression"
										},
										"table": "event_feedback",
										"container": "t1-fmc"
									}
								}
							]
						}
					]
				}
			},
			{
				"name": "Lookup Event Feedback",
				"type": "Lookup",
				"dependsOn": [],
				"policy": {
					"timeout": "0.12:00:00",
					"retry": 0,
					"retryIntervalInSeconds": 30,
					"secureOutput": false,
					"secureInput": false
				},
				"userProperties": [],
				"typeProperties": {
					"source": {
						"type": "SqlDWSource",
						"sqlReaderQuery": "WITH Numbers AS (\n    SELECT ROW_NUMBER() OVER (ORDER BY (SELECT NULL)) - 1 AS n\n    FROM (VALUES(0),(1),(2),(3),(4),(5),(6),(7),(8),(9)) AS x(n)\n    CROSS JOIN (VALUES(0),(1),(2),(3),(4),(5),(6),(7),(8),(9)) AS y(n)\n    CROSS JOIN (VALUES(0),(1),(2),(3),(4),(5),(6),(7),(8),(9)) AS z(n)\n),\nDateRange AS (\n    SELECT CONVERT(VARCHAR(10), DATEADD(day, -2, GETDATE()), 120) AS date\n),\nTenantDates AS (\n    SELECT DISTINCT PARTITION_TENANT AS tenant, CONVERT(VARCHAR(10), PARTITION_DATE, 120) AS date\n    FROM FMC_T1.EVENT_FEEDBACK_V\n)\nSELECT\n    t.tenant,\n    d.date\nFROM\n    (SELECT DISTINCT PARTITION_TENANT AS tenant FROM FMC_T1.EVENT_FEEDBACK_V) t\nCROSS JOIN\n    DateRange d\nLEFT JOIN\n    TenantDates td\nON\n    t.tenant = td.tenant AND d.date = td.date\nWHERE\n    td.date IS NULL AND t.tenant NOT IN ('wirecard')\nORDER BY\n    t.tenant;\n",
						"queryTimeout": "02:00:00",
						"partitionOption": "None"
					},
					"dataset": {
						"referenceName": "Azure_Synapse_Database",
						"type": "DatasetReference"
					},
					"firstRowOnly": false
				}
			},
			{
				"name": "ForEach App Event Log",
				"type": "ForEach",
				"dependsOn": [
					{
						"activity": "Lookup App Event Log",
						"dependencyConditions": [
							"Succeeded"
						]
					}
				],
				"userProperties": [],
				"typeProperties": {
					"items": {
						"value": "@activity('Lookup App Event Log').output.value",
						"type": "Expression"
					},
					"isSequential": true,
					"activities": [
						{
							"name": "Set Date App Event Log",
							"type": "SetVariable",
							"dependsOn": [],
							"policy": {
								"secureOutput": false,
								"secureInput": false
							},
							"userProperties": [],
							"typeProperties": {
								"variableName": "date",
								"value": {
									"value": "@if(greater(length(trim(item().date)),4),item().date, formatDateTime(adddays(pipeline().TriggerTime, -1), 'yyyy-MM-dd'))",
									"type": "Expression"
								}
							}
						},
						{
							"name": "App Event Log",
							"type": "Copy",
							"dependsOn": [
								{
									"activity": "Set Date App Event Log",
									"dependencyConditions": [
										"Succeeded"
									]
								}
							],
							"policy": {
								"timeout": "0.12:00:00",
								"retry": 5,
								"retryIntervalInSeconds": 300,
								"secureOutput": false,
								"secureInput": false
							},
							"userProperties": [],
							"typeProperties": {
								"source": {
									"type": "SqlServerSource",
									"sqlReaderQuery": {
										"value": "@concat('Select\n      ID\n      ,EVENT_ID\n      ,EVENT_TIME\n      ,ORG_ID\n      ,convert(varchar(200),(case \n            when USER_ID is null\n            then null \n            else hashbytes(''SHA2_256'', concat(''aegis'',USER_ID))\n            end),2) as USER_ID\n      ,DB_USER_ID\n      ,USER_HASH\n      ,LOGIN_ID\n      ,SESSION_ID\n      ,PRELIMINARY_SCORE\n      ,USER_ACCT_NUMBER\n      ,CLIENT_TRX_ID\n      ,EVENT_TYPE\n      ,USER_DEFINED_EVENT_TYPE\n      ,EVENT_DESCRIPTION\n      ,RISK_SCORE\n      ,POLICY_RULE_ID\n      ,POLICY_ACTION\n      ,TEST_POLICY_RULE_ID\n      ,FLAGGED\n      ,COOKIE\n      ,IP_ADDRESS\n      ,IP_COUNTRY\n      ,IP_REGION\n      ,IP_CITY\n      ,IP_ISP\n      ,ISP_NAME\n      ,IP_OWNER\n      ,IP_CONNECTION_TYPE\n      ,IP_ROUTING_TYPE\n      ,ACCT_OPEN_DATE\n      ,OLB_ENROLLMENT_DATE\n      ,OLB_PASSWORD_DATE\n      ,ADDRESS_CHANGE_DATE\n      ,PHONE_CHANGE_DATE\n      ,EMAIL_CHANGE_DATE\n      ,AMOUNT_ORIGINAL\n      ,AMOUNT_CURRENCY\n      ,AMOUNT_USD\n      ,AMOUNT_LOCAL\n      ,CUR_TRADE_AMOUNT_ORIGINAL\n      ,CUR_TRADE_AMOUNT_CURRENCY\n      ,CUR_TRADE_AMOUNT_USD\n      ,EXT_ACCT_ROUTING_CODE\n      ,EXT_ACCT_NUMBER\n      ,TRX_SCHEDULE\n      ,TRX_DUE_DATE\n      ,TRX_EXECUTION_SPEED\n      ,CHANNEL_INDICATOR\n      ,EXT_ACCT_TYPE\n      ,CDF_S_1\n      ,CDF_S_2\n      ,CDF_S_3\n      ,CDF_S_4\n      ,CDF_S_5\n      ,CDF_S_6\n      ,CDF_S_7\n      ,CDF_S_8\n      ,CDF_S_9\n      ,CDF_S_10\n      ,TEST_RULE_FLAG\n      ,CLIENT_CHANNEL_INDICATOR\n      ,CDF_S_11\n      ,CDF_S_12\n      ,CDF_S_13\n      ,CDF_S_14\n      ,CDF_S_15\n      ,CDF_S_16\n      ,CDF_S_17\n      ,CDF_S_18\n      ,CDF_S_19\n      ,CDF_S_20\n      ,ATM_ID\n      ,ATM_COUNTRY\n      ,ATM_STATE\n      ,ATM_CITY\n      ,ATM_ZIP\n      ,CC_ISSUE_AGE\n      ,CC_LIMIT\n      ,CC_LIMIT_CURRENCY\n      ,OWN_IBAN\n      ,OTHER_IBAN_FOR_ATM\n      ,WITHDRAW_ORIGINAL_AMOUNT\n      ,WITHDRAW_CURRENCY\n      ,WITHDRAW_AMOUNT_USD\n      ,ATM_LOCATION_TYPE\n      ,ATM_OTHER_OWNER\n      ,CC_PASSW_CHANGE_DATE\n      ,TEST_POLICY_ACTION\n      ,CHALLENGE_AUTH_LEVEL\n      ,CHALLENGE_AUTH_METHOD\n      ,RISK_1_CONTRIBUTOR\n      ,RISK_1_SCORE\n      ,RISK_2_CONTRIBUTOR\n      ,RISK_2_SCORE\n      ,RISK_3_CONTRIBUTOR\n      ,RISK_3_SCORE\n      ,RISK_4_CONTRIBUTOR\n      ,RISK_4_SCORE\n      ,DATA_S_24\n      ,PAYEE_ACCOUNT_NICKNAME\n      ,TRADE_TYPE\n      ,NUMBER_OF_SHARES\n      ,LAST_30DAYS_AVG_PRICE\n      ,LAST_30DAYS_AVG_VOLUME\n      ,SIM_ID\n      ,HARDWARE_ID\n      ,OTHER_ID\n      ,GEOLOCATION_COUNTRY\n      ,DEV_ID_ASSURANCE_LVL\n      ,EMULATOR\n      ,COMPROMISED\n      ,SYS_CREATION_DATE\n      ,TROJAN_ACTIVITY\n      ,LAST_30DAYS_AVG_PRICE_CURRENCY\n      ,LAST_30DAYS_AVG_PRICE_USD\n      ,DAYS_SINCE_TROJAN_ACTIVITY\n      ,SHORT_DATE\n      ,IP_SPACIAL_TYPE\n      ,DEVICE_FINGER_PRINT\n      ,SWIFT\n      ,MAC_ADDRESS\n      ,USER_LANGUAGE\n      ,BROWSER_LANGUAGE\n      ,SYSTEM_LANGUAGE\n      ,BROWSER_TYPE\n      ,USER_ID_HASH\n      ,USER_AGENT_STRING\n      ,CDF_S_1_HASH\n      ,CDF_S_2_HASH\n      ,CDF_S_3_HASH\n      ,CDF_S_4_HASH\n      ,CDF_S_5_HASH\n      ,CDF_S_6_HASH\n      ,CDF_S_7_HASH\n      ,CDF_S_8_HASH\n      ,CDF_S_9_HASH\n      ,CDF_S_10_HASH\n      ,CDF_S_11_HASH\n      ,CDF_S_12_HASH\n      ,CDF_S_13_HASH\n      ,CDF_S_14_HASH\n      ,CDF_S_15_HASH\n      ,CDF_S_16_HASH\n      ,CDF_S_17_HASH\n      ,CDF_S_18_HASH\n      ,CDF_S_19_HASH\n      ,CDF_S_20_HASH\n      ,CLIENT_COOKIE\n      ,HTTP_REFERRER\n      ,MEDIUM_USED\n      ,FLASH_COOKIE\n      ,DEVICE_OPERATING_SYSTEM\n      ,USER_AGENT\n      ,DEVICE_BROWSER_PLUGIN\n      ,SOFTWARE_FINGERPRINT\n      ,DEVICE_LANGUAGE\n      ,DEVICE_SCREEN_HASH\n      ,MACHINE_TIMEZONE\n      ,WEB_PAGE_ID\n      ,DEVICE_ID\n      ,BROWSER_VERSION\n      ,DEVICE_BOUND\n      ,SUB_CHANNEL_INDICATOR\n      ,RDP_TROJAN_ATTACK\n      ,RDP_TROJAN_ATTACK_COLLECTION\n      ,REQUEST_TYPE\n from APP_EVENT_LOG with (nolock) where CAST(EVENT_TIME as date) =''',replace(variables('date'),'-',''),'''')",
										"type": "Expression"
									},
									"queryTimeout": "02:00:00",
									"partitionOption": "None"
								},
								"sink": {
									"type": "ParquetSink",
									"storeSettings": {
										"type": "AzureBlobFSWriteSettings"
									},
									"formatSettings": {
										"type": "ParquetWriteSettings"
									}
								},
								"enableStaging": false
							},
							"inputs": [
								{
									"referenceName": "SQL_Server_Database",
									"type": "DatasetReference",
									"parameters": {
										"database": {
											"value": "@concat('rsa_reports_', item().tenant)",
											"type": "Expression"
										}
									}
								}
							],
							"outputs": [
								{
									"referenceName": "Parquet",
									"type": "DatasetReference",
									"parameters": {
										"date": {
											"value": "@variables('date')",
											"type": "Expression"
										},
										"tenant": {
											"value": "@item().tenant",
											"type": "Expression"
										},
										"table": "app_event_log",
										"container": "t1-fmc"
									}
								}
							]
						}
					]
				}
			},
			{
				"name": "Lookup App Event Log",
				"type": "Lookup",
				"dependsOn": [],
				"policy": {
					"timeout": "0.12:00:00",
					"retry": 0,
					"retryIntervalInSeconds": 30,
					"secureOutput": false,
					"secureInput": false
				},
				"userProperties": [],
				"typeProperties": {
					"source": {
						"type": "SqlDWSource",
						"sqlReaderQuery": "WITH Numbers AS (\n    SELECT ROW_NUMBER() OVER (ORDER BY (SELECT NULL)) - 1 AS n\n    FROM (VALUES(0),(1),(2),(3),(4),(5),(6),(7),(8),(9)) AS x(n)\n    CROSS JOIN (VALUES(0),(1),(2),(3),(4),(5),(6),(7),(8),(9)) AS y(n)\n    CROSS JOIN (VALUES(0),(1),(2),(3),(4),(5),(6),(7),(8),(9)) AS z(n)\n),\nDateRange AS (\n    SELECT CONVERT(VARCHAR(10), DATEADD(day, -2, GETDATE()), 120) AS date\n),\nTenantDates AS (\n    SELECT DISTINCT PARTITION_TENANT AS tenant, CONVERT(VARCHAR(10), PARTITION_DATE, 120) AS date\n    FROM FMC_T1.APP_EVENT_LOG_V\n)\nSELECT\n    t.tenant,\n    d.date\nFROM\n    (SELECT DISTINCT PARTITION_TENANT AS tenant FROM FMC_T1.APP_EVENT_LOG_V) t\nCROSS JOIN\n    DateRange d\nLEFT JOIN\n    TenantDates td\nON\n    t.tenant = td.tenant AND d.date = td.date\nWHERE\n    td.date IS NULL AND t.tenant NOT IN ('wirecard')\nORDER BY\n    t.tenant;\n",
						"queryTimeout": "02:00:00",
						"partitionOption": "None"
					},
					"dataset": {
						"referenceName": "Azure_Synapse_Database",
						"type": "DatasetReference"
					},
					"firstRowOnly": false
				}
			},
			{
				"name": "Lookup RBA BS BUCKETS",
				"type": "Lookup",
				"dependsOn": [],
				"policy": {
					"timeout": "0.12:00:00",
					"retry": 0,
					"retryIntervalInSeconds": 30,
					"secureOutput": false,
					"secureInput": false
				},
				"userProperties": [],
				"typeProperties": {
					"source": {
						"type": "SqlDWSource",
						"sqlReaderQuery": "WITH Numbers AS (\n    SELECT ROW_NUMBER() OVER (ORDER BY (SELECT NULL)) - 1 AS n\n    FROM (VALUES(0),(1),(2),(3),(4),(5),(6),(7),(8),(9)) AS x(n)\n    CROSS JOIN (VALUES(0),(1),(2),(3),(4),(5),(6),(7),(8),(9)) AS y(n)\n    CROSS JOIN (VALUES(0),(1),(2),(3),(4),(5),(6),(7),(8),(9)) AS z(n)\n),\nDateRange AS (\n    SELECT CONVERT(VARCHAR(10), DATEADD(day, -2, GETDATE()), 120) AS date\n),\nTenantDates AS (\n    SELECT DISTINCT PARTITION_TENANT AS tenant, CONVERT(VARCHAR(10), PARTITION_DATE, 120) AS date\n    FROM FMC_T1.RBA_BS_BUCKETS_V\n)\nSELECT\n    t.tenant,\n    d.date\nFROM\n    (SELECT DISTINCT PARTITION_TENANT AS tenant FROM FMC_T1.RBA_BS_BUCKETS_V) t\nCROSS JOIN\n    DateRange d\nLEFT JOIN\n    TenantDates td\nON\n    t.tenant = td.tenant AND d.date = td.date\nWHERE\n    td.date IS NULL AND t.tenant NOT IN ('wirecard')\nORDER BY\n    t.tenant;\n",
						"queryTimeout": "02:00:00",
						"partitionOption": "None"
					},
					"dataset": {
						"referenceName": "Azure_Synapse_Database",
						"type": "DatasetReference"
					},
					"firstRowOnly": false
				}
			},
			{
				"name": "ForEach RBA BS BUCKETS",
				"type": "ForEach",
				"dependsOn": [
					{
						"activity": "Lookup RBA BS BUCKETS",
						"dependencyConditions": [
							"Succeeded"
						]
					}
				],
				"userProperties": [],
				"typeProperties": {
					"items": {
						"value": "@activity('Lookup RBA BS BUCKETS').output.value",
						"type": "Expression"
					},
					"isSequential": true,
					"activities": [
						{
							"name": "Set Date RBA BS BUCKETS",
							"type": "SetVariable",
							"dependsOn": [],
							"policy": {
								"secureOutput": false,
								"secureInput": false
							},
							"userProperties": [],
							"typeProperties": {
								"variableName": "date",
								"value": {
									"value": "@if(greater(length(trim(item().date)),4),item().date, formatDateTime(adddays(pipeline().TriggerTime, -1), 'yyyy-MM-dd'))",
									"type": "Expression"
								}
							}
						},
						{
							"name": "RBA BS BUCKETS",
							"type": "Copy",
							"dependsOn": [
								{
									"activity": "Set Date RBA BS BUCKETS",
									"dependencyConditions": [
										"Succeeded"
									]
								}
							],
							"policy": {
								"timeout": "0.12:00:00",
								"retry": 5,
								"retryIntervalInSeconds": 300,
								"secureOutput": false,
								"secureInput": false
							},
							"userProperties": [],
							"typeProperties": {
								"source": {
									"type": "SqlServerSource",
									"sqlReaderQuery": {
										"value": "Select * from RBA_BS_BUCKETS with (nolock)",
										"type": "Expression"
									},
									"queryTimeout": "02:00:00",
									"partitionOption": "None"
								},
								"sink": {
									"type": "ParquetSink",
									"storeSettings": {
										"type": "AzureBlobFSWriteSettings"
									},
									"formatSettings": {
										"type": "ParquetWriteSettings"
									}
								},
								"enableStaging": false
							},
							"inputs": [
								{
									"referenceName": "SQL_Server_Database",
									"type": "DatasetReference",
									"parameters": {
										"database": {
											"value": "@concat('cre_offline_', item().tenant)",
											"type": "Expression"
										}
									}
								}
							],
							"outputs": [
								{
									"referenceName": "Parquet",
									"type": "DatasetReference",
									"parameters": {
										"date": {
											"value": "@variables('date')",
											"type": "Expression"
										},
										"tenant": {
											"value": "@item().tenant",
											"type": "Expression"
										},
										"table": "rba_bs_buckets",
										"container": "t1-fmc"
									}
								}
							]
						}
					]
				}
			},
			{
				"name": "ForEach RBA BS BUCKETS SILENT",
				"type": "ForEach",
				"dependsOn": [
					{
						"activity": "Lookup RBA BS BUCKETS SILENT",
						"dependencyConditions": [
							"Succeeded"
						]
					}
				],
				"userProperties": [],
				"typeProperties": {
					"items": {
						"value": "@activity('Lookup RBA BS BUCKETS SILENT').output.value",
						"type": "Expression"
					},
					"isSequential": true,
					"activities": [
						{
							"name": "Set Date RBA BS BUCKETS SILENT",
							"type": "SetVariable",
							"dependsOn": [],
							"policy": {
								"secureOutput": false,
								"secureInput": false
							},
							"userProperties": [],
							"typeProperties": {
								"variableName": "date",
								"value": {
									"value": "@if(greater(length(trim(item().date)),4),item().date, formatDateTime(adddays(pipeline().TriggerTime, -1), 'yyyy-MM-dd'))",
									"type": "Expression"
								}
							}
						},
						{
							"name": "RBA BS BUCKETS SILENT",
							"type": "Copy",
							"dependsOn": [
								{
									"activity": "Set Date RBA BS BUCKETS SILENT",
									"dependencyConditions": [
										"Succeeded"
									]
								}
							],
							"policy": {
								"timeout": "0.12:00:00",
								"retry": 5,
								"retryIntervalInSeconds": 300,
								"secureOutput": false,
								"secureInput": false
							},
							"userProperties": [],
							"typeProperties": {
								"source": {
									"type": "SqlServerSource",
									"sqlReaderQuery": {
										"value": "Select * from RBA_BS_BUCKETS_SILENT with (nolock)",
										"type": "Expression"
									},
									"queryTimeout": "02:00:00",
									"partitionOption": "None"
								},
								"sink": {
									"type": "ParquetSink",
									"storeSettings": {
										"type": "AzureBlobFSWriteSettings"
									},
									"formatSettings": {
										"type": "ParquetWriteSettings"
									}
								},
								"enableStaging": false
							},
							"inputs": [
								{
									"referenceName": "SQL_Server_Database",
									"type": "DatasetReference",
									"parameters": {
										"database": {
											"value": "@concat('cre_offline_', item().tenant)",
											"type": "Expression"
										}
									}
								}
							],
							"outputs": [
								{
									"referenceName": "Parquet",
									"type": "DatasetReference",
									"parameters": {
										"date": {
											"value": "@variables('date')",
											"type": "Expression"
										},
										"tenant": {
											"value": "@item().tenant",
											"type": "Expression"
										},
										"table": "rba_bs_buckets_silent",
										"container": "t1-fmc"
									}
								}
							]
						}
					]
				}
			},
			{
				"name": "Lookup RBA BS BUCKETS SILENT",
				"type": "Lookup",
				"dependsOn": [],
				"policy": {
					"timeout": "0.12:00:00",
					"retry": 0,
					"retryIntervalInSeconds": 30,
					"secureOutput": false,
					"secureInput": false
				},
				"userProperties": [],
				"typeProperties": {
					"source": {
						"type": "SqlDWSource",
						"sqlReaderQuery": "WITH Numbers AS (\n    SELECT ROW_NUMBER() OVER (ORDER BY (SELECT NULL)) - 1 AS n\n    FROM (VALUES(0),(1),(2),(3),(4),(5),(6),(7),(8),(9)) AS x(n)\n    CROSS JOIN (VALUES(0),(1),(2),(3),(4),(5),(6),(7),(8),(9)) AS y(n)\n    CROSS JOIN (VALUES(0),(1),(2),(3),(4),(5),(6),(7),(8),(9)) AS z(n)\n),\nDateRange AS (\n    SELECT CONVERT(VARCHAR(10), DATEADD(day, -2, GETDATE()), 120) AS date\n),\nTenantDates AS (\n    SELECT DISTINCT PARTITION_TENANT AS tenant, CONVERT(VARCHAR(10), PARTITION_DATE, 120) AS date\n    FROM FMC_T1.RBA_BS_BUCKETS_SILENT_V\n)\nSELECT\n    t.tenant,\n    d.date\nFROM\n    (SELECT DISTINCT PARTITION_TENANT AS tenant FROM FMC_T1.RBA_BS_BUCKETS_SILENT_V) t\nCROSS JOIN\n    DateRange d\nLEFT JOIN\n    TenantDates td\nON\n    t.tenant = td.tenant AND d.date = td.date\nWHERE\n    td.date IS NULL AND t.tenant NOT IN ('wirecard')\nORDER BY\n    t.tenant;\n",
						"queryTimeout": "02:00:00",
						"partitionOption": "None"
					},
					"dataset": {
						"referenceName": "Azure_Synapse_Database",
						"type": "DatasetReference"
					},
					"firstRowOnly": false
				}
			},
			{
				"name": "ForEach RBA BS BUCKETS STATIC",
				"type": "ForEach",
				"dependsOn": [
					{
						"activity": "Lookup RBA BS BUCKETS STATIC",
						"dependencyConditions": [
							"Succeeded"
						]
					}
				],
				"userProperties": [],
				"typeProperties": {
					"items": {
						"value": "@activity('Lookup RBA BS BUCKETS STATIC').output.value",
						"type": "Expression"
					},
					"isSequential": true,
					"activities": [
						{
							"name": "Set Date RBA BS BUCKETS STATIC",
							"type": "SetVariable",
							"dependsOn": [],
							"policy": {
								"secureOutput": false,
								"secureInput": false
							},
							"userProperties": [],
							"typeProperties": {
								"variableName": "date",
								"value": {
									"value": "@if(greater(length(trim(item().date)),4),item().date, formatDateTime(adddays(pipeline().TriggerTime, -1), 'yyyy-MM-dd'))",
									"type": "Expression"
								}
							}
						},
						{
							"name": "RBA BS BUCKETS STATIC",
							"type": "Copy",
							"dependsOn": [
								{
									"activity": "Set Date RBA BS BUCKETS STATIC",
									"dependencyConditions": [
										"Succeeded"
									]
								}
							],
							"policy": {
								"timeout": "0.12:00:00",
								"retry": 5,
								"retryIntervalInSeconds": 300,
								"secureOutput": false,
								"secureInput": false
							},
							"userProperties": [],
							"typeProperties": {
								"source": {
									"type": "SqlServerSource",
									"sqlReaderQuery": {
										"value": "Select * from RBA_BS_BUCKETS_STATIC with (nolock)",
										"type": "Expression"
									},
									"queryTimeout": "02:00:00",
									"partitionOption": "None"
								},
								"sink": {
									"type": "ParquetSink",
									"storeSettings": {
										"type": "AzureBlobFSWriteSettings"
									},
									"formatSettings": {
										"type": "ParquetWriteSettings"
									}
								},
								"enableStaging": false
							},
							"inputs": [
								{
									"referenceName": "SQL_Server_Database",
									"type": "DatasetReference",
									"parameters": {
										"database": {
											"value": "@concat('cre_offline_', item().tenant)",
											"type": "Expression"
										}
									}
								}
							],
							"outputs": [
								{
									"referenceName": "Parquet",
									"type": "DatasetReference",
									"parameters": {
										"date": {
											"value": "@variables('date')",
											"type": "Expression"
										},
										"tenant": {
											"value": "@item().tenant",
											"type": "Expression"
										},
										"table": "rba_bs_buckets_static",
										"container": "t1-fmc"
									}
								}
							]
						}
					]
				}
			},
			{
				"name": "Lookup RBA BS BUCKETS STATIC",
				"type": "Lookup",
				"dependsOn": [],
				"policy": {
					"timeout": "0.12:00:00",
					"retry": 0,
					"retryIntervalInSeconds": 30,
					"secureOutput": false,
					"secureInput": false
				},
				"userProperties": [],
				"typeProperties": {
					"source": {
						"type": "SqlDWSource",
						"sqlReaderQuery": "WITH Numbers AS (\n    SELECT ROW_NUMBER() OVER (ORDER BY (SELECT NULL)) - 1 AS n\n    FROM (VALUES(0),(1),(2),(3),(4),(5),(6),(7),(8),(9)) AS x(n)\n    CROSS JOIN (VALUES(0),(1),(2),(3),(4),(5),(6),(7),(8),(9)) AS y(n)\n    CROSS JOIN (VALUES(0),(1),(2),(3),(4),(5),(6),(7),(8),(9)) AS z(n)\n),\nDateRange AS (\n    SELECT CONVERT(VARCHAR(10), DATEADD(day, -2, GETDATE()), 120) AS date\n),\nTenantDates AS (\n    SELECT DISTINCT PARTITION_TENANT AS tenant, CONVERT(VARCHAR(10), PARTITION_DATE, 120) AS date\n    FROM FMC_T1.RBA_BS_BUCKETS_STATIC_V\n)\nSELECT\n    t.tenant,\n    d.date\nFROM\n    (SELECT DISTINCT PARTITION_TENANT AS tenant FROM FMC_T1.RBA_BS_BUCKETS_STATIC_V) t\nCROSS JOIN\n    DateRange d\nLEFT JOIN\n    TenantDates td\nON\n    t.tenant = td.tenant AND d.date = td.date\nWHERE\n    td.date IS NULL AND t.tenant NOT IN ('wirecard')\nORDER BY\n    t.tenant;\n",
						"queryTimeout": "02:00:00",
						"partitionOption": "None"
					},
					"dataset": {
						"referenceName": "Azure_Synapse_Database",
						"type": "DatasetReference"
					},
					"firstRowOnly": false
				}
			},
			{
				"name": "Lookup Event log",
				"type": "Lookup",
				"dependsOn": [],
				"policy": {
					"timeout": "0.12:00:00",
					"retry": 0,
					"retryIntervalInSeconds": 30,
					"secureOutput": false,
					"secureInput": false
				},
				"userProperties": [],
				"typeProperties": {
					"source": {
						"type": "SqlDWSource",
						"sqlReaderQuery": "WITH Numbers AS (\n    SELECT ROW_NUMBER() OVER (ORDER BY (SELECT NULL)) - 1 AS n\n    FROM (VALUES(0),(1),(2),(3),(4),(5),(6),(7),(8),(9)) AS x(n)\n    CROSS JOIN (VALUES(0),(1),(2),(3),(4),(5),(6),(7),(8),(9)) AS y(n)\n    CROSS JOIN (VALUES(0),(1),(2),(3),(4),(5),(6),(7),(8),(9)) AS z(n)\n),\nDateRange AS (\n    SELECT CONVERT(VARCHAR(10), DATEADD(day, -2, GETDATE()), 120) AS date\n),\nTenantDates AS (\n    SELECT DISTINCT PARTITION_TENANT AS tenant, CONVERT(VARCHAR(10), PARTITION_DATE, 120) AS date\n    FROM FMC_T1.EVENT_LOG_V\n)\nSELECT\n    t.tenant,\n    d.date\nFROM\n    (SELECT DISTINCT PARTITION_TENANT AS tenant FROM FMC_T1.EVENT_LOG_V) t\nCROSS JOIN\n    DateRange d\nLEFT JOIN\n    TenantDates td\nON\n    t.tenant = td.tenant AND d.date = td.date\nWHERE\n    td.date IS NULL AND t.tenant NOT IN ('wirecard')\nORDER BY\n    t.tenant;\n",
						"queryTimeout": "02:00:00",
						"partitionOption": "None"
					},
					"dataset": {
						"referenceName": "Azure_Synapse_Database",
						"type": "DatasetReference"
					},
					"firstRowOnly": false
				}
			},
			{
				"name": "ForEach Event log",
				"type": "ForEach",
				"dependsOn": [
					{
						"activity": "Lookup Event log",
						"dependencyConditions": [
							"Succeeded"
						]
					}
				],
				"userProperties": [],
				"typeProperties": {
					"items": {
						"value": "@activity('Lookup Event log').output.value",
						"type": "Expression"
					},
					"isSequential": true,
					"activities": [
						{
							"name": "Set Date Event log",
							"type": "SetVariable",
							"dependsOn": [],
							"policy": {
								"secureOutput": false,
								"secureInput": false
							},
							"userProperties": [],
							"typeProperties": {
								"variableName": "date",
								"value": {
									"value": "@if(greater(length(trim(item().date)),4),item().date, formatDateTime(adddays(pipeline().TriggerTime, -1), 'yyyy-MM-dd'))",
									"type": "Expression"
								}
							}
						},
						{
							"name": "Event log",
							"type": "Copy",
							"dependsOn": [
								{
									"activity": "Set Date Event log",
									"dependencyConditions": [
										"Succeeded"
									]
								}
							],
							"policy": {
								"timeout": "0.12:00:00",
								"retry": 5,
								"retryIntervalInSeconds": 300,
								"secureOutput": false,
								"secureInput": false
							},
							"userProperties": [],
							"typeProperties": {
								"source": {
									"type": "SqlServerSource",
									"sqlReaderStoredProcedureName": "dwh_tools.dbo.DWH_EXT_EVENT_LOG",
									"storedProcedureParameters": {
										"tenantDB": {
											"type": "String",
											"value": {
												"value": "@concat('cre_offline_',item().tenant)",
												"type": "Expression"
											}
										},
										"dateString": {
											"type": "String",
											"value": {
												"value": "@replace(variables('date'),'-','')",
												"type": "Expression"
											}
										}
									},
									"queryTimeout": "02:00:00",
									"partitionOption": "None"
								},
								"sink": {
									"type": "ParquetSink",
									"storeSettings": {
										"type": "AzureBlobFSWriteSettings"
									},
									"formatSettings": {
										"type": "ParquetWriteSettings"
									}
								},
								"enableStaging": false
							},
							"inputs": [
								{
									"referenceName": "SQL_Server_Database",
									"type": "DatasetReference",
									"parameters": {
										"database": {
											"value": "@concat('cre_offline_', item().tenant)",
											"type": "Expression"
										}
									}
								}
							],
							"outputs": [
								{
									"referenceName": "Parquet",
									"type": "DatasetReference",
									"parameters": {
										"date": {
											"value": "@variables('date')",
											"type": "Expression"
										},
										"tenant": {
											"value": "@item().tenant",
											"type": "Expression"
										},
										"table": "event_log",
										"container": "t1-fmc"
									}
								}
							]
						}
					]
				}
			}
		],
		"concurrency": 3,
		"variables": {
			"date": {
				"type": "String"
			}
		},
		"annotations": [],
		"lastPublishTime": "2024-11-14T06:14:24Z"
	},
	"type": "Microsoft.Synapse/workspaces/pipelines"
}