{
	"name": "FMC_METRICS",
	"properties": {
		"activities": [
			{
				"name": "Set date",
				"type": "SetVariable",
				"dependsOn": [],
				"policy": {
					"secureOutput": false,
					"secureInput": false
				},
				"userProperties": [],
				"typeProperties": {
					"variableName": "date",
					"value": {
						"value": "@if(greater(length(trim(pipeline().parameters.date)),4),pipeline().parameters.date,formatDateTime(addDays(pipeline().TriggerTime, pipeline().parameters.lag), 'yyyy-MM-dd'))",
						"type": "Expression"
					}
				}
			},
			{
				"name": "Tenant",
				"type": "ForEach",
				"dependsOn": [
					{
						"activity": "Set date",
						"dependencyConditions": [
							"Succeeded"
						]
					}
				],
				"userProperties": [],
				"typeProperties": {
					"items": {
						"value": "@pipeline().parameters.tenants",
						"type": "Expression"
					},
					"activities": [
						{
							"name": "Get scores",
							"type": "Copy",
							"dependsOn": [],
							"policy": {
								"timeout": "0.12:00:00",
								"retry": 5,
								"retryIntervalInSeconds": 300,
								"secureOutput": false,
								"secureInput": false
							},
							"userProperties": [],
							"typeProperties": {
								"source": {
									"type": "SqlDWSource",
									"sqlReaderQuery": {
										"value": "@concat('\n    SELECT \n        CAST(\n            ROW_NUMBER() OVER (ORDER BY PRELIMINARY_SCORE DESC) * 1.0 /\n            COUNT(*) OVER ()\n            AS FLOAT\n            )\n        AS IR, \n        AMOUNT_USD,\n        PRELIMINARY_SCORE,\n        CASE WHEN RESOLUTION = ''F'' and RESOLUTION_CONF_LEVEL IN (5, 10) THEN 1.0 ELSE 0.0 END AS IS_FRAUD\n    FROM FMC_T2.EVENT_LOG_UPDATED_V\n    WHERE PARTITION_DATE = ''',variables('date'),''' AND PARTITION_TENANT = ''',item(),''' AND\n    ((AMOUNT_USD IS NULL) OR ((AMOUNT_USD <= 500000000) AND (AMOUNT_USD >= 0)))  -- remove large (or negative) transactions\n    ')",
										"type": "Expression"
									},
									"queryTimeout": "02:00:00",
									"partitionOption": "None"
								},
								"sink": {
									"type": "ParquetSink",
									"storeSettings": {
										"type": "AzureBlobFSWriteSettings"
									},
									"formatSettings": {
										"type": "ParquetWriteSettings"
									}
								},
								"enableStaging": false,
								"translator": {
									"type": "TabularTranslator",
									"typeConversion": true,
									"typeConversionSettings": {
										"allowDataTruncation": true,
										"treatBooleanAsNumber": false
									}
								}
							},
							"inputs": [
								{
									"referenceName": "LocalSynapse",
									"type": "DatasetReference",
									"parameters": {
										"DBName": "FMC_T2"
									}
								}
							],
							"outputs": [
								{
									"referenceName": "Parquet",
									"type": "DatasetReference",
									"parameters": {
										"date": {
											"value": "@variables('date')",
											"type": "Expression"
										},
										"tenant": {
											"value": "@item()",
											"type": "Expression"
										},
										"table": "model_scores",
										"container": "t3-fmc-metrics"
									}
								}
							]
						},
						{
							"name": "Get precisions and recalls",
							"type": "Copy",
							"dependsOn": [
								{
									"activity": "Get scores",
									"dependencyConditions": [
										"Succeeded"
									]
								}
							],
							"policy": {
								"timeout": "0.12:00:00",
								"retry": 5,
								"retryIntervalInSeconds": 300,
								"secureOutput": false,
								"secureInput": false
							},
							"userProperties": [],
							"typeProperties": {
								"source": {
									"type": "SqlDWSource",
									"sqlReaderQuery": {
										"value": "@concat('\n    SELECT \n        IR,\n        CAST(\n            AVG(IS_FRAUD) OVER (ORDER BY IR)\n            AS FLOAT)\n            AS PRECISION,\n        CAST(\n            SUM(IS_FRAUD * AMOUNT_USD) OVER (ORDER BY IR) /\n            NULLIF(SUM(IS_FRAUD * AMOUNT_USD) OVER (), 0)\n            AS FLOAT\n            )\n            AS RECALL\n    FROM FMC_T3.MODEL_SCORES\n    WHERE PARTITION_TENANT = ''',item(),''' AND PARTITION_DATE = ''',variables('date'),'''\n    ')",
										"type": "Expression"
									},
									"queryTimeout": "02:00:00",
									"partitionOption": "None"
								},
								"sink": {
									"type": "ParquetSink",
									"storeSettings": {
										"type": "AzureBlobFSWriteSettings"
									},
									"formatSettings": {
										"type": "ParquetWriteSettings"
									}
								},
								"enableStaging": false,
								"translator": {
									"type": "TabularTranslator",
									"typeConversion": true,
									"typeConversionSettings": {
										"allowDataTruncation": true,
										"treatBooleanAsNumber": false
									}
								}
							},
							"inputs": [
								{
									"referenceName": "LocalSynapse",
									"type": "DatasetReference",
									"parameters": {
										"DBName": "FMC_T3"
									}
								}
							],
							"outputs": [
								{
									"referenceName": "Parquet",
									"type": "DatasetReference",
									"parameters": {
										"date": {
											"value": "@variables('date')",
											"type": "Expression"
										},
										"tenant": {
											"value": "@item()",
											"type": "Expression"
										},
										"table": "precisions_and_recalls",
										"container": "t3-fmc-metrics"
									}
								}
							]
						},
						{
							"name": "Get metrics",
							"type": "Copy",
							"dependsOn": [
								{
									"activity": "Get precisions and recalls",
									"dependencyConditions": [
										"Succeeded"
									]
								},
								{
									"activity": "Get scores",
									"dependencyConditions": [
										"Succeeded"
									]
								}
							],
							"policy": {
								"timeout": "0.12:00:00",
								"retry": 5,
								"retryIntervalInSeconds": 300,
								"secureOutput": false,
								"secureInput": false
							},
							"userProperties": [],
							"typeProperties": {
								"source": {
									"type": "SqlDWSource",
									"sqlReaderQuery": {
										"value": "@concat('\nWITH COUNTS AS (\n    SELECT\n        COUNT(*) AS TRX_COUNT, COUNT(CASE WHEN IS_FRAUD = 1.0 THEN 1 ELSE NULL END) AS FRAUD_COUNT\n    FROM FMC_T3.MODEL_SCORES\n    WHERE PARTITION_TENANT = ''',item(),''' AND PARTITION_DATE = ''',variables('date'),'''\n),\nPRS_AT_CHA AS (\n    SELECT \n        AVG(PRECISION) AS PREC_AT_CHA, AVG(RECALL) AS REC_AT_CHA\n    FROM FMC_T3.PRECISIONS_AND_RECALLS\n    WHERE IR < 0.2 AND PARTITION_TENANT = ''',item(),''' AND PARTITION_DATE = ''',variables('date'),'''\n),\nPRS_AT_DEC AS (\n    SELECT \n        AVG(PRECISION) AS PREC_AT_DEC, AVG(RECALL) AS REC_AT_DEC\n    FROM FMC_T3.PRECISIONS_AND_RECALLS\n    WHERE IR < 0.01 AND PARTITION_TENANT = ''',item(),''' AND PARTITION_DATE = ''',variables('date'),'''\n),\nAUC_PRS AS (\n    SELECT \n        SUM(PRECISION * DELTA_RECALL) AS AUC_PR\n    FROM (\n    SELECT \n        IR, PRECISION, RECALL, \n        RECALL - LAG(RECALL, 1, 0) OVER (ORDER BY IR) AS DELTA_RECALL \n    FROM FMC_T3.PRECISIONS_AND_RECALLS\n    WHERE PARTITION_TENANT = ''',item(),''' AND PARTITION_DATE = ''',variables('date'),'''\n    ) AUC_PRS_INTERMEDIATE\n)\nSELECT \n    ''',variables('date'),''' AS PARTITION_DATE, ''',item(),''' AS PARTITION_TENANT,\n    PREC_AT_DEC, REC_AT_DEC, PREC_AT_CHA, REC_AT_CHA, AUC_PR, TRX_COUNT, FRAUD_COUNT\nFROM COUNTS \n    CROSS JOIN PRS_AT_CHA\n    CROSS JOIN PRS_AT_DEC\n    CROSS JOIN AUC_PRS\n')\n",
										"type": "Expression"
									},
									"queryTimeout": "02:00:00",
									"partitionOption": "None"
								},
								"sink": {
									"type": "ParquetSink",
									"storeSettings": {
										"type": "AzureBlobFSWriteSettings"
									},
									"formatSettings": {
										"type": "ParquetWriteSettings"
									}
								},
								"enableStaging": false,
								"translator": {
									"type": "TabularTranslator",
									"typeConversion": true,
									"typeConversionSettings": {
										"allowDataTruncation": true,
										"treatBooleanAsNumber": false
									}
								}
							},
							"inputs": [
								{
									"referenceName": "LocalSynapse",
									"type": "DatasetReference",
									"parameters": {
										"DBName": "FMC_T3"
									}
								}
							],
							"outputs": [
								{
									"referenceName": "ParquetUnpartitioned",
									"type": "DatasetReference",
									"parameters": {
										"table": "model_metrics",
										"container": "t3-fmc-metrics"
									}
								}
							]
						}
					]
				}
			}
		],
		"parameters": {
			"date": {
				"type": "string",
				"defaultValue": " "
			},
			"tenants": {
				"type": "array",
				"defaultValue": []
			},
			"lag": {
				"type": "int",
				"defaultValue": -30
			}
		},
		"variables": {
			"date": {
				"type": "String"
			}
		},
		"annotations": [],
		"lastPublishTime": "2024-07-01T19:55:28Z"
	},
	"type": "Microsoft.Synapse/workspaces/pipelines"
}