{
	"name": "FMC_PM_TABLES",
	"properties": {
		"activities": [
			{
				"name": "Set Date",
				"description": "Use parameter if provided, otherwise use current date",
				"type": "SetVariable",
				"dependsOn": [],
				"policy": {
					"secureOutput": false,
					"secureInput": false
				},
				"userProperties": [],
				"typeProperties": {
					"variableName": "date",
					"value": {
						"value": "@if(greater(length(trim(pipeline().parameters.date)),4),pipeline().parameters.date,formatDateTime(adddays(pipeline().TriggerTime, -1), 'yyyy-MM-dd'))",
						"type": "Expression"
					}
				}
			},
			{
				"name": "PM_RULE",
				"type": "Copy",
				"dependsOn": [
					{
						"activity": "Set Date",
						"dependencyConditions": [
							"Succeeded"
						]
					}
				],
				"policy": {
					"timeout": "0.12:00:00",
					"retry": 5,
					"retryIntervalInSeconds": 300,
					"secureOutput": false,
					"secureInput": false
				},
				"userProperties": [],
				"typeProperties": {
					"source": {
						"type": "SqlServerSource",
						"sqlReaderQuery": {
							"value": "SELECT \nID,\nconvert(varchar(200),(case \n    when CREATED_BY is null\n    then null \n    else hashbytes('SHA2_256', concat('aegis',CREATED_BY))\n    end),2) as CREATED_BY\n,CREATION_DATE\n,DESCRIPTION\n,MODIFICATION_DATE\n,convert(varchar(200),(case \n    when MODIFIED_BY is null\n    then null \n    else hashbytes('SHA2_256', concat('aegis',MODIFIED_BY))\n    end),2) as MODIFIED_BY\n,NAME\n,ACTION\n,RULE_ORDER\n,RULE_PENDING_STATUS\n,RULE_STATUS\n,USER_SAMPLING_PERCENTAGE\n,ORGINIAL_RULE_ID\n,POLICY_ID\n,DELETED\n,IS_CTO_RULE\n,IS_EXCLUDE_LOCKED_USERS\n,IS_EDITABLE\n  from rsa_core_@{pipeline().parameters.tenant}.PM_RULE with (nolock)",
							"type": "Expression"
						},
						"queryTimeout": "02:00:00",
						"partitionOption": "None"
					},
					"sink": {
						"type": "ParquetSink",
						"storeSettings": {
							"type": "AzureBlobFSWriteSettings"
						},
						"formatSettings": {
							"type": "ParquetWriteSettings"
						}
					},
					"enableStaging": false
				},
				"inputs": [
					{
						"referenceName": "FMC_Online_db",
						"type": "DatasetReference"
					}
				],
				"outputs": [
					{
						"referenceName": "Parquet",
						"type": "DatasetReference",
						"parameters": {
							"date": "@variables('date')",
							"tenant": "@pipeline().parameters.tenant",
							"table": "pm_rule",
							"container": "t1-fmc"
						}
					}
				]
			},
			{
				"name": "PM_CONDITION",
				"type": "Copy",
				"dependsOn": [
					{
						"activity": "PM_RULE",
						"dependencyConditions": [
							"Succeeded"
						]
					}
				],
				"policy": {
					"timeout": "0.12:00:00",
					"retry": 5,
					"retryIntervalInSeconds": 300,
					"secureOutput": false,
					"secureInput": false
				},
				"userProperties": [],
				"typeProperties": {
					"source": {
						"type": "AzureSqlSource",
						"sqlReaderQuery": {
							"value": "SELECT *\n  FROM rsa_core_@{pipeline().parameters.tenant}.PM_CONDITION with (nolock)",
							"type": "Expression"
						},
						"partitionOption": "None"
					},
					"sink": {
						"type": "ParquetSink",
						"storeSettings": {
							"type": "AzureBlobFSWriteSettings"
						},
						"formatSettings": {
							"type": "ParquetWriteSettings"
						}
					},
					"enableStaging": false,
					"translator": {
						"type": "TabularTranslator",
						"typeConversion": true,
						"typeConversionSettings": {
							"allowDataTruncation": true,
							"treatBooleanAsNumber": false
						}
					}
				},
				"inputs": [
					{
						"referenceName": "FMC_Online_db",
						"type": "DatasetReference"
					}
				],
				"outputs": [
					{
						"referenceName": "Parquet",
						"type": "DatasetReference",
						"parameters": {
							"date": {
								"value": "@variables('date')",
								"type": "Expression"
							},
							"tenant": {
								"value": "@pipeline().parameters.tenant",
								"type": "Expression"
							},
							"table": "pm_condition",
							"container": "t1-fmc"
						}
					}
				]
			},
			{
				"name": "PM_EXPRESSION",
				"type": "Copy",
				"dependsOn": [
					{
						"activity": "PM_CONDITION",
						"dependencyConditions": [
							"Succeeded"
						]
					}
				],
				"policy": {
					"timeout": "0.12:00:00",
					"retry": 5,
					"retryIntervalInSeconds": 300,
					"secureOutput": false,
					"secureInput": false
				},
				"userProperties": [],
				"typeProperties": {
					"source": {
						"type": "AzureSqlSource",
						"sqlReaderQuery": {
							"value": "SELECT *\n  FROM rsa_core_@{pipeline().parameters.tenant}.PM_EXPRESSION with (nolock)",
							"type": "Expression"
						},
						"queryTimeout": "02:00:00",
						"partitionOption": "None"
					},
					"sink": {
						"type": "ParquetSink",
						"storeSettings": {
							"type": "AzureBlobFSWriteSettings"
						},
						"formatSettings": {
							"type": "ParquetWriteSettings"
						}
					},
					"enableStaging": false,
					"translator": {
						"type": "TabularTranslator",
						"typeConversion": true,
						"typeConversionSettings": {
							"allowDataTruncation": true,
							"treatBooleanAsNumber": false
						}
					}
				},
				"inputs": [
					{
						"referenceName": "FMC_Online_db",
						"type": "DatasetReference"
					}
				],
				"outputs": [
					{
						"referenceName": "Parquet",
						"type": "DatasetReference",
						"parameters": {
							"date": {
								"value": "@variables('date')",
								"type": "Expression"
							},
							"tenant": {
								"value": "@pipeline().parameters.tenant",
								"type": "Expression"
							},
							"table": "pm_expression",
							"container": "t1-fmc"
						}
					}
				]
			},
			{
				"name": "PM_RULE_EVENT_TYPES",
				"type": "Copy",
				"dependsOn": [
					{
						"activity": "PM_EXPRESSION",
						"dependencyConditions": [
							"Succeeded"
						]
					}
				],
				"policy": {
					"timeout": "0.12:00:00",
					"retry": 5,
					"retryIntervalInSeconds": 300,
					"secureOutput": false,
					"secureInput": false
				},
				"userProperties": [],
				"typeProperties": {
					"source": {
						"type": "AzureSqlSource",
						"sqlReaderQuery": {
							"value": "SELECT *\n  FROM rsa_core_@{pipeline().parameters.tenant}.PM_RULE_EVENT_TYPES with (nolock)",
							"type": "Expression"
						},
						"queryTimeout": "02:00:00",
						"partitionOption": "None"
					},
					"sink": {
						"type": "ParquetSink",
						"storeSettings": {
							"type": "AzureBlobFSWriteSettings"
						},
						"formatSettings": {
							"type": "ParquetWriteSettings"
						}
					},
					"enableStaging": false,
					"translator": {
						"type": "TabularTranslator",
						"typeConversion": true,
						"typeConversionSettings": {
							"allowDataTruncation": true,
							"treatBooleanAsNumber": false
						}
					}
				},
				"inputs": [
					{
						"referenceName": "FMC_Online_db",
						"type": "DatasetReference"
					}
				],
				"outputs": [
					{
						"referenceName": "Parquet",
						"type": "DatasetReference",
						"parameters": {
							"date": {
								"value": "@variables('date')",
								"type": "Expression"
							},
							"tenant": {
								"value": "@pipeline().parameters.tenant",
								"type": "Expression"
							},
							"table": "pm_rule_event_types",
							"container": "t1-fmc"
						}
					}
				]
			},
			{
				"name": "PM_RULE_CHANNEL_INDICATORS",
				"type": "Copy",
				"dependsOn": [
					{
						"activity": "PM_RULE_EVENT_TYPES",
						"dependencyConditions": [
							"Succeeded"
						]
					}
				],
				"policy": {
					"timeout": "0.12:00:00",
					"retry": 5,
					"retryIntervalInSeconds": 300,
					"secureOutput": false,
					"secureInput": false
				},
				"userProperties": [],
				"typeProperties": {
					"source": {
						"type": "AzureSqlSource",
						"sqlReaderQuery": {
							"value": "SELECT *\n  FROM rsa_core_@{pipeline().parameters.tenant}.PM_RULE_CHANNEL_INDICATORS with (nolock)",
							"type": "Expression"
						},
						"queryTimeout": "02:00:00",
						"partitionOption": "None"
					},
					"sink": {
						"type": "ParquetSink",
						"storeSettings": {
							"type": "AzureBlobFSWriteSettings"
						},
						"formatSettings": {
							"type": "ParquetWriteSettings"
						}
					},
					"enableStaging": false,
					"translator": {
						"type": "TabularTranslator",
						"typeConversion": true,
						"typeConversionSettings": {
							"allowDataTruncation": true,
							"treatBooleanAsNumber": false
						}
					}
				},
				"inputs": [
					{
						"referenceName": "FMC_Online_db",
						"type": "DatasetReference"
					}
				],
				"outputs": [
					{
						"referenceName": "Parquet",
						"type": "DatasetReference",
						"parameters": {
							"date": {
								"value": "@variables('date')",
								"type": "Expression"
							},
							"tenant": {
								"value": "@pipeline().parameters.tenant",
								"type": "Expression"
							},
							"table": "pm_rule_channel_indicators",
							"container": "t1-fmc"
						}
					}
				]
			},
			{
				"name": "PM_POLICY",
				"type": "Copy",
				"dependsOn": [
					{
						"activity": "PM_RULE_CHANNEL_INDICATORS",
						"dependencyConditions": [
							"Succeeded"
						]
					}
				],
				"policy": {
					"timeout": "0.12:00:00",
					"retry": 5,
					"retryIntervalInSeconds": 300,
					"secureOutput": false,
					"secureInput": false
				},
				"userProperties": [],
				"typeProperties": {
					"source": {
						"type": "AzureSqlSource",
						"sqlReaderQuery": {
							"value": "SELECT *\n  FROM rsa_core_@{pipeline().parameters.tenant}.PM_POLICY with (nolock)",
							"type": "Expression"
						},
						"queryTimeout": "02:00:00",
						"partitionOption": "None"
					},
					"sink": {
						"type": "ParquetSink",
						"storeSettings": {
							"type": "AzureBlobFSWriteSettings"
						},
						"formatSettings": {
							"type": "ParquetWriteSettings"
						}
					},
					"enableStaging": false,
					"translator": {
						"type": "TabularTranslator",
						"typeConversion": true,
						"typeConversionSettings": {
							"allowDataTruncation": true,
							"treatBooleanAsNumber": false
						}
					}
				},
				"inputs": [
					{
						"referenceName": "FMC_Online_db",
						"type": "DatasetReference"
					}
				],
				"outputs": [
					{
						"referenceName": "Parquet",
						"type": "DatasetReference",
						"parameters": {
							"date": {
								"value": "@variables('date')",
								"type": "Expression"
							},
							"tenant": {
								"value": "@pipeline().parameters.tenant",
								"type": "Expression"
							},
							"table": "pm_policy",
							"container": "t1-fmc"
						}
					}
				]
			},
			{
				"name": "PM_POLICY_LIST",
				"type": "Copy",
				"dependsOn": [
					{
						"activity": "PM_POLICY",
						"dependencyConditions": [
							"Succeeded"
						]
					}
				],
				"policy": {
					"timeout": "0.12:00:00",
					"retry": 5,
					"retryIntervalInSeconds": 300,
					"secureOutput": false,
					"secureInput": false
				},
				"userProperties": [],
				"typeProperties": {
					"source": {
						"type": "AzureSqlSource",
						"sqlReaderQuery": {
							"value": "SELECT *\n  FROM rsa_core_@{pipeline().parameters.tenant}.PM_POLICY_LIST with (nolock)",
							"type": "Expression"
						},
						"queryTimeout": "02:00:00",
						"partitionOption": "None"
					},
					"sink": {
						"type": "ParquetSink",
						"storeSettings": {
							"type": "AzureBlobFSWriteSettings"
						},
						"formatSettings": {
							"type": "ParquetWriteSettings"
						}
					},
					"enableStaging": false,
					"translator": {
						"type": "TabularTranslator",
						"typeConversion": true,
						"typeConversionSettings": {
							"allowDataTruncation": true,
							"treatBooleanAsNumber": false
						}
					}
				},
				"inputs": [
					{
						"referenceName": "FMC_Online_db",
						"type": "DatasetReference"
					}
				],
				"outputs": [
					{
						"referenceName": "Parquet",
						"type": "DatasetReference",
						"parameters": {
							"date": {
								"value": "@variables('date')",
								"type": "Expression"
							},
							"tenant": {
								"value": "@pipeline().parameters.tenant",
								"type": "Expression"
							},
							"table": "pm_policy_list",
							"container": "t1-fmc"
						}
					}
				]
			},
			{
				"name": "PM_CREATE_CASE_FOR_ACTION",
				"type": "Copy",
				"dependsOn": [
					{
						"activity": "PM_POLICY_LIST",
						"dependencyConditions": [
							"Succeeded"
						]
					}
				],
				"policy": {
					"timeout": "0.12:00:00",
					"retry": 5,
					"retryIntervalInSeconds": 300,
					"secureOutput": false,
					"secureInput": false
				},
				"userProperties": [],
				"typeProperties": {
					"source": {
						"type": "AzureSqlSource",
						"sqlReaderQuery": {
							"value": "SELECT *\n  FROM rsa_core_@{pipeline().parameters.tenant}.PM_CREATE_CASE_FOR_ACTION with (nolock)",
							"type": "Expression"
						},
						"queryTimeout": "02:00:00",
						"partitionOption": "None"
					},
					"sink": {
						"type": "ParquetSink",
						"storeSettings": {
							"type": "AzureBlobFSWriteSettings"
						},
						"formatSettings": {
							"type": "ParquetWriteSettings"
						}
					},
					"enableStaging": false,
					"translator": {
						"type": "TabularTranslator",
						"typeConversion": true,
						"typeConversionSettings": {
							"allowDataTruncation": true,
							"treatBooleanAsNumber": false
						}
					}
				},
				"inputs": [
					{
						"referenceName": "FMC_Online_db",
						"type": "DatasetReference"
					}
				],
				"outputs": [
					{
						"referenceName": "Parquet",
						"type": "DatasetReference",
						"parameters": {
							"date": {
								"value": "@variables('date')",
								"type": "Expression"
							},
							"tenant": {
								"value": "@pipeline().parameters.tenant",
								"type": "Expression"
							},
							"table": "pm_create_case_for_action",
							"container": "t1-fmc"
						}
					}
				]
			}
		],
		"concurrency": 1,
		"parameters": {
			"tenant": {
				"type": "String"
			},
			"date": {
				"type": "String"
			}
		},
		"variables": {
			"date": {
				"type": "String"
			}
		},
		"annotations": [],
		"lastPublishTime": "2024-11-13T12:04:05Z"
	},
	"type": "Microsoft.Synapse/workspaces/pipelines"
}