{
	"name": "FMOP_SFTP",
	"properties": {
		"activities": [
			{
				"name": "Set Date",
				"description": "Use parameter if provided, otherwise use current date",
				"type": "SetVariable",
				"dependsOn": [],
				"policy": {
					"secureOutput": false,
					"secureInput": false
				},
				"userProperties": [],
				"typeProperties": {
					"variableName": "date",
					"value": {
						"value": "@if(greater(length(trim(pipeline().parameters.date)),4),pipeline().parameters.date,formatDateTime(adddays(pipeline().TriggerTime, -1), 'yyyy-MM-dd'))",
						"type": "Expression"
					}
				}
			},
			{
				"name": "ForEachFMoPCustomerActivity",
				"type": "ForEach",
				"dependsOn": [
					{
						"activity": "Set Date",
						"dependencyConditions": [
							"Succeeded"
						]
					}
				],
				"userProperties": [],
				"typeProperties": {
					"items": {
						"value": "@array(pipeline().parameters.tenant)",
						"type": "Expression"
					},
					"isSequential": "true",
					"activities": [
						{
							"name": "CopyFromSFTP",
							"type": "Copy",
							"dependsOn": [],
							"policy": {
								"retry": 0,
								"retryIntervalInSeconds": 30,
								"secureOutput": false,
								"secureInput": false
							},
							"userProperties": [],
							"typeProperties": {
								"source": {
									"type": "BinarySource",
									"storeSettings": {
										"type": "SftpReadSettings",
										"recursive": true,
										"modifiedDatetimeStart": {
											"value": "@variables('date')",
											"type": "Expression"
										},
										"wildcardFolderPath": {
											"value": "@concat('/home/LF',item(),'*/logs/')",
											"type": "Expression"
										},
										"wildcardFileName": "*.z*",
										"disableChunking": false
									},
									"formatSettings": {
										"type": "BinaryReadSettings",
										"compressionProperties": {
											"type": "ZipDeflateReadSettings",
											"preserveZipFileNameAsFolder": false
										}
									}
								},
								"sink": {
									"type": "BinarySink",
									"storeSettings": {
										"type": "AzureBlobStorageWriteSettings"
									}
								},
								"enableStaging": false
							},
							"inputs": [
								{
									"referenceName": "SFTP_Dataset",
									"type": "DatasetReference"
								}
							],
							"outputs": [
								{
									"referenceName": "Unzipped_Dataset",
									"type": "DatasetReference",
									"parameters": {
										"date": {
											"value": "@variables('date')",
											"type": "Expression"
										},
										"tenant": {
											"value": "@item()",
											"type": "Expression"
										}
									}
								}
							]
						}
					]
				}
			}
		],
		"concurrency": 1,
		"parameters": {
			"date": {
				"type": "String"
			},
			"tenant": {
				"type": "Array"
			}
		},
		"variables": {
			"date": {
				"type": "String"
			}
		},
		"annotations": [],
		"lastPublishTime": "2023-11-07T20:53:09Z"
	},
	"type": "Microsoft.Synapse/workspaces/pipelines"
}