{
	"name": "fmc-prod-cus-a-DWH-RO-Access",
	"type": "Microsoft.Synapse/workspaces/linkedservices",
	"properties": {
		"parameters": {
			"database": {
				"type": "String"
			}
		},
		"annotations": [],
		"type": "SqlServer",
		"typeProperties": {
			"connectionString": "Integrated Security=False;Data Source=fmc-prod-cus-a-pl.private.outseer.com;Initial Catalog=@{linkedService().database};User ID=DWH_RO_Access",
			"password": {
				"type": "AzureKeyVaultSecret",
				"store": {
					"referenceName": "odwprodus-kv-eastus",
					"type": "LinkedServiceReference"
				},
				"secretName": "prod-centralus-db-dwh-ro-access"
			}
		},
		"connectVia": {
			"referenceName": "AutoResolveIntegrationRuntime",
			"type": "IntegrationRuntimeReference"
		}
	}
}