{
	"name": "SourceDataset_xv9",
	"properties": {
		"linkedServiceName": {
			"referenceName": "odwprod-westeurope-WorkspaceDefaultStorage",
			"type": "LinkedServiceReference"
		},
		"annotations": [],
		"type": "Parquet",
		"typeProperties": {
			"location": {
				"type": "AzureBlobFSLocation",
				"folderPath": "event_log_updated_spark/tenant=esab/date=2024-07-05",
				"fileSystem": "t2-fmc"
			},
			"compressionCodec": "snappy"
		},
		"schema": [
			{
				"name": "DELETE_FLAG",
				"type": "INT96"
			},
			{
				"name": "SITEID",
				"type": "UTF8"
			},
			{
				"name": "VERSION",
				"type": "INT32"
			},
			{
				"name": "ORG_ID",
				"type": "UTF8"
			},
			{
				"name": "USER_ID",
				"type": "UTF8"
			},
			{
				"name": "USER_HASH",
				"type": "INT64"
			},
			{
				"name": "EVENT_TYPE",
				"type": "UTF8"
			},
			{
				"name": "USER_DEFINED_EVENT_TYPE",
				"type": "UTF8"
			},
			{
				"name": "PRELIMINARY_SCORE",
				"type": "INT64"
			},
			{
				"name": "RISK_SCORE",
				"type": "INT64"
			},
			{
				"name": "EXTERNAL_USER_RISK",
				"type": "INT64"
			},
			{
				"name": "EXTERNAL_PAYEE_RISK",
				"type": "INT64"
			},
			{
				"name": "RISK_OVERRIDE_RULE_ID",
				"type": "INT64"
			},
			{
				"name": "RISK_OVERRIDE_SCORE",
				"type": "INT64"
			},
			{
				"name": "RISK_OVERRIDE_TEST_RULE_ID",
				"type": "INT64"
			},
			{
				"name": "RISK_OVERRIDE_SCORE_TEST",
				"type": "INT64"
			},
			{
				"name": "NORMALIZED_BAYESIAN_SCORE",
				"type": "INT64"
			},
			{
				"name": "NORMALIZATION_ACTION",
				"type": "INT32"
			},
			{
				"name": "RISK_1_CONTRIBUTOR",
				"type": "UTF8"
			},
			{
				"name": "RISK_1_SCORE",
				"type": "INT64"
			},
			{
				"name": "RISK_2_CONTRIBUTOR",
				"type": "UTF8"
			},
			{
				"name": "RISK_2_SCORE",
				"type": "INT64"
			},
			{
				"name": "RISK_3_CONTRIBUTOR",
				"type": "UTF8"
			},
			{
				"name": "RISK_3_SCORE",
				"type": "INT64"
			},
			{
				"name": "RISK_4_CONTRIBUTOR",
				"type": "UTF8"
			},
			{
				"name": "RISK_4_SCORE",
				"type": "INT64"
			},
			{
				"name": "RISK_5_CONTRIBUTOR",
				"type": "UTF8"
			},
			{
				"name": "RISK_5_SCORE",
				"type": "INT64"
			},
			{
				"name": "RISK_6_CONTRIBUTOR",
				"type": "UTF8"
			},
			{
				"name": "RISK_6_SCORE",
				"type": "INT64"
			},
			{
				"name": "RISK_7_CONTRIBUTOR",
				"type": "UTF8"
			},
			{
				"name": "RISK_7_SCORE",
				"type": "INT64"
			},
			{
				"name": "RISK_8_CONTRIBUTOR",
				"type": "UTF8"
			},
			{
				"name": "RISK_8_SCORE",
				"type": "INT64"
			},
			{
				"name": "RISK_9_CONTRIBUTOR",
				"type": "UTF8"
			},
			{
				"name": "RISK_9_SCORE",
				"type": "INT64"
			},
			{
				"name": "RISK_10_CONTRIBUTOR",
				"type": "UTF8"
			},
			{
				"name": "RISK_10_SCORE",
				"type": "INT64"
			},
			{
				"name": "FINAL_RISK_1_CONTRIBUTOR",
				"type": "UTF8"
			},
			{
				"name": "FINAL_RISK_1_SCORE",
				"type": "INT64"
			},
			{
				"name": "FINAL_RISK_2_CONTRIBUTOR",
				"type": "UTF8"
			},
			{
				"name": "FINAL_RISK_2_SCORE",
				"type": "INT64"
			},
			{
				"name": "FINAL_RISK_3_CONTRIBUTOR",
				"type": "UTF8"
			},
			{
				"name": "FINAL_RISK_3_SCORE",
				"type": "INT64"
			},
			{
				"name": "FINAL_RISK_4_CONTRIBUTOR",
				"type": "UTF8"
			},
			{
				"name": "FINAL_RISK_4_SCORE",
				"type": "INT64"
			},
			{
				"name": "POLICY_RULE_ID",
				"type": "UTF8"
			},
			{
				"name": "POLICY_ACTION",
				"type": "UTF8"
			},
			{
				"name": "TEST_POLICY_RULE_ID",
				"type": "UTF8"
			},
			{
				"name": "TEST_POLICY_ACTION",
				"type": "UTF8"
			},
			{
				"name": "SESSION_AUTH_LEVEL",
				"type": "INT64"
			},
			{
				"name": "CHALLENGE_AUTH_LEVEL",
				"type": "INT64"
			},
			{
				"name": "CHALLENGE_AUTH_METHOD",
				"type": "UTF8"
			},
			{
				"name": "CHALLENGE_FALLBACK_METHOD",
				"type": "UTF8"
			},
			{
				"name": "COOKIE",
				"type": "UTF8"
			},
			{
				"name": "FLASH_COOKIE",
				"type": "UTF8"
			},
			{
				"name": "CLIENT_COOKIE",
				"type": "UTF8"
			},
			{
				"name": "USER_AGENT_STRING_HASH",
				"type": "UTF8"
			},
			{
				"name": "SOFTWARE_FINGERPRINT_HASH",
				"type": "UTF8"
			},
			{
				"name": "BROWSER_PLUGINS_HASH",
				"type": "UTF8"
			},
			{
				"name": "LANGUAGE_HASH",
				"type": "UTF8"
			},
			{
				"name": "SCREEN_HASH",
				"type": "UTF8"
			},
			{
				"name": "SYSTEM_LANGUAGE",
				"type": "UTF8"
			},
			{
				"name": "USER_LANGUAGE",
				"type": "UTF8"
			},
			{
				"name": "ACCEPT_LANGUAGE",
				"type": "UTF8"
			},
			{
				"name": "BROWSER_LANGUAGE",
				"type": "UTF8"
			},
			{
				"name": "TIMEZONE",
				"type": "UTF8"
			},
			{
				"name": "IP_ADDRESS",
				"type": "UTF8"
			},
			{
				"name": "IP_COUNTRY",
				"type": "UTF8"
			},
			{
				"name": "IP_REGION",
				"type": "UTF8"
			},
			{
				"name": "IP_CITY",
				"type": "UTF8"
			},
			{
				"name": "IP_ISP",
				"type": "UTF8"
			},
			{
				"name": "IP_OWNER",
				"type": "UTF8"
			},
			{
				"name": "IP_CONNECTION_TYPE",
				"type": "UTF8"
			},
			{
				"name": "IP_ROUTING_TYPE",
				"type": "UTF8"
			},
			{
				"name": "OLB_PASSWORD_DATE",
				"type": "INT96"
			},
			{
				"name": "ADDRESS_CHANGE_DATE",
				"type": "INT96"
			},
			{
				"name": "PHONE_CHANGE_DATE",
				"type": "INT96"
			},
			{
				"name": "EMAIL_CHANGE_DATE",
				"type": "INT96"
			},
			{
				"name": "AMOUNT_ORIGINAL",
				"type": "INT64"
			},
			{
				"name": "AMOUNT_CURRENCY",
				"type": "UTF8"
			},
			{
				"name": "AMOUNT_USD",
				"type": "INT64"
			},
			{
				"name": "EXT_ACCT_COUNTRY",
				"type": "UTF8"
			},
			{
				"name": "EXT_ACCT_INTL_CODE",
				"type": "UTF8"
			},
			{
				"name": "EXT_ACCT_ROUTING_CODE",
				"type": "UTF8"
			},
			{
				"name": "EXT_ACCT_NUMBER",
				"type": "UTF8"
			},
			{
				"name": "EXT_ACCT_OWNER_NAME",
				"type": "UTF8"
			},
			{
				"name": "EXT_ACCT_OWNER_ADDRESS",
				"type": "UTF8"
			},
			{
				"name": "EXT_ACCT_REFERENCE_CODE",
				"type": "UTF8"
			},
			{
				"name": "EXT_ACCT_COMMENT",
				"type": "UTF8"
			},
			{
				"name": "TRX_SCHEDULE",
				"type": "UTF8"
			},
			{
				"name": "TRX_DUE_DATE",
				"type": "INT96"
			},
			{
				"name": "TRX_EXECUTION_SPEED",
				"type": "UTF8"
			},
			{
				"name": "TRX_MEDIUM",
				"type": "UTF8"
			},
			{
				"name": "CHANNEL_INDICATOR",
				"type": "UTF8"
			},
			{
				"name": "CHANNEL_INDICATOR_DESC",
				"type": "UTF8"
			},
			{
				"name": "IS_DEVICE_BOUND",
				"type": "UTF8"
			},
			{
				"name": "FRAUD_SUSPECT_DATE",
				"type": "UTF8"
			},
			{
				"name": "CALC_USER_RISK_SCORE",
				"type": "UTF8"
			},
			{
				"name": "EXT_ACCT_TYPE",
				"type": "UTF8"
			},
			{
				"name": "CHALLENGE_FAILED_REASON",
				"type": "UTF8"
			},
			{
				"name": "DEVICE_BOUND_NOTIFICATION",
				"type": "UTF8"
			},
			{
				"name": "DEVICE_UNBIND_REASON",
				"type": "UTF8"
			},
			{
				"name": "IS_FLASH_VALID",
				"type": "UTF8"
			},
			{
				"name": "IS_COOKIE_VALID",
				"type": "UTF8"
			},
			{
				"name": "DEVICE_RISK_SCORE",
				"type": "INT32"
			},
			{
				"name": "IS_SILENT_MODE",
				"type": "UTF8"
			},
			{
				"name": "IS_USERAGENT_MATCHED",
				"type": "UTF8"
			},
			{
				"name": "IS_COOKIE_MATCHED",
				"type": "UTF8"
			},
			{
				"name": "IS_HTTPACCEPT_MATCHED",
				"type": "UTF8"
			},
			{
				"name": "IS_BROWSER_MATCHED",
				"type": "UTF8"
			},
			{
				"name": "IS_BROWSER_LANG_MATCHED",
				"type": "UTF8"
			},
			{
				"name": "IS_DISPLAY_MATCHED",
				"type": "UTF8"
			},
			{
				"name": "IS_SOFTWARE_MATCHED",
				"type": "UTF8"
			},
			{
				"name": "IS_SYSTEM_LANG_MATCHED",
				"type": "UTF8"
			},
			{
				"name": "IS_TIMEZONE_MATCHED",
				"type": "UTF8"
			},
			{
				"name": "IS_USER_LANG_MATCHED",
				"type": "UTF8"
			},
			{
				"name": "IS_FLASH_MATCHED",
				"type": "UTF8"
			},
			{
				"name": "IS_IP_MATCHED",
				"type": "UTF8"
			},
			{
				"name": "IS_CLASS_A_MATCHED",
				"type": "UTF8"
			},
			{
				"name": "IS_CLASS_B_MATCHED",
				"type": "UTF8"
			},
			{
				"name": "IS_CLASS_C_MATCHED",
				"type": "UTF8"
			},
			{
				"name": "DEVICE_ID_RECOVERED",
				"type": "UTF8"
			},
			{
				"name": "DEVICE_ID_RECOVERED_BOUND",
				"type": "UTF8"
			},
			{
				"name": "PROFILE_CHANGE_BY",
				"type": "UTF8"
			},
			{
				"name": "IS_SESSION_HIJACKED",
				"type": "UTF8"
			},
			{
				"name": "STATIC_SCORE",
				"type": "INT64"
			},
			{
				"name": "SCORE_TIE_BREAKER",
				"type": "INT64"
			},
			{
				"name": "NEXT_PRELIMINARY_SCORE",
				"type": "INT64"
			},
			{
				"name": "NEXT_RISK_1_CONTRIBUTOR",
				"type": "UTF8"
			},
			{
				"name": "NEXT_RISK_1_SCORE",
				"type": "INT64"
			},
			{
				"name": "NEXT_RISK_2_CONTRIBUTOR",
				"type": "UTF8"
			},
			{
				"name": "NEXT_RISK_2_SCORE",
				"type": "INT64"
			},
			{
				"name": "NEXT_RISK_3_CONTRIBUTOR",
				"type": "UTF8"
			},
			{
				"name": "NEXT_RISK_3_SCORE",
				"type": "INT64"
			},
			{
				"name": "NEXT_RISK_4_CONTRIBUTOR",
				"type": "UTF8"
			},
			{
				"name": "NEXT_RISK_4_SCORE",
				"type": "INT64"
			},
			{
				"name": "NEXT_RISK_5_CONTRIBUTOR",
				"type": "UTF8"
			},
			{
				"name": "NEXT_RISK_5_SCORE",
				"type": "INT64"
			},
			{
				"name": "NEXT_RISK_6_CONTRIBUTOR",
				"type": "UTF8"
			},
			{
				"name": "NEXT_RISK_6_SCORE",
				"type": "INT64"
			},
			{
				"name": "NEXT_RISK_7_CONTRIBUTOR",
				"type": "UTF8"
			},
			{
				"name": "NEXT_RISK_7_SCORE",
				"type": "INT64"
			},
			{
				"name": "NEXT_RISK_8_CONTRIBUTOR",
				"type": "UTF8"
			},
			{
				"name": "NEXT_RISK_8_SCORE",
				"type": "INT64"
			},
			{
				"name": "NEXT_RISK_9_CONTRIBUTOR",
				"type": "UTF8"
			},
			{
				"name": "NEXT_RISK_9_SCORE",
				"type": "INT64"
			},
			{
				"name": "NEXT_RISK_10_CONTRIBUTOR",
				"type": "UTF8"
			},
			{
				"name": "NEXT_RISK_10_SCORE",
				"type": "INT64"
			},
			{
				"name": "UN_WEIGHTED_SCORE",
				"type": "INT64"
			},
			{
				"name": "NEXT_UNWEIGHTED_SCORE",
				"type": "INT64"
			},
			{
				"name": "EFN_COOKIE",
				"type": "INT32"
			},
			{
				"name": "EFN_FLASH",
				"type": "INT32"
			},
			{
				"name": "EFN_DEV",
				"type": "INT32"
			},
			{
				"name": "EFN_PAYEE",
				"type": "INT32"
			},
			{
				"name": "DATA_I_1",
				"type": "INT32"
			},
			{
				"name": "DATA_I_2",
				"type": "INT32"
			},
			{
				"name": "DATA_I_3",
				"type": "INT32"
			},
			{
				"name": "DATA_I_4",
				"type": "INT32"
			},
			{
				"name": "DATA_I_5",
				"type": "INT32"
			},
			{
				"name": "DATA_I_6",
				"type": "INT32"
			},
			{
				"name": "DATA_I_7",
				"type": "INT32"
			},
			{
				"name": "DATA_I_8",
				"type": "INT32"
			},
			{
				"name": "DATA_I_9",
				"type": "INT32"
			},
			{
				"name": "DATA_I_10",
				"type": "INT32"
			},
			{
				"name": "DATA_I_11",
				"type": "INT32"
			},
			{
				"name": "DATA_I_12",
				"type": "INT32"
			},
			{
				"name": "DATA_I_13",
				"type": "INT32"
			},
			{
				"name": "DATA_I_14",
				"type": "INT32"
			},
			{
				"name": "DATA_I_15",
				"type": "INT32"
			},
			{
				"name": "DATA_I_16",
				"type": "INT32"
			},
			{
				"name": "DATA_I_17",
				"type": "INT32"
			},
			{
				"name": "DATA_I_18",
				"type": "INT32"
			},
			{
				"name": "DATA_I_19",
				"type": "INT32"
			},
			{
				"name": "DATA_I_20",
				"type": "INT32"
			},
			{
				"name": "DATA_I_21",
				"type": "INT32"
			},
			{
				"name": "DATA_I_22",
				"type": "INT32"
			},
			{
				"name": "DATA_I_23",
				"type": "INT32"
			},
			{
				"name": "DATA_I_24",
				"type": "INT32"
			},
			{
				"name": "DATA_I_25",
				"type": "INT32"
			},
			{
				"name": "DATA_I_26",
				"type": "INT32"
			},
			{
				"name": "DATA_I_27",
				"type": "INT32"
			},
			{
				"name": "DATA_I_28",
				"type": "INT32"
			},
			{
				"name": "DATA_I_29",
				"type": "INT32"
			},
			{
				"name": "DATA_I_30",
				"type": "INT32"
			},
			{
				"name": "DATA_I_31",
				"type": "INT32"
			},
			{
				"name": "DATA_I_32",
				"type": "INT32"
			},
			{
				"name": "DATA_I_33",
				"type": "INT32"
			},
			{
				"name": "DATA_I_34",
				"type": "INT32"
			},
			{
				"name": "DATA_I_35",
				"type": "INT32"
			},
			{
				"name": "DATA_I_36",
				"type": "INT32"
			},
			{
				"name": "DATA_I_37",
				"type": "INT32"
			},
			{
				"name": "DATA_I_38",
				"type": "INT32"
			},
			{
				"name": "DATA_I_39",
				"type": "INT32"
			},
			{
				"name": "DATA_I_40",
				"type": "INT32"
			},
			{
				"name": "DATA_I_41",
				"type": "INT32"
			},
			{
				"name": "DATA_I_42",
				"type": "INT32"
			},
			{
				"name": "DATA_I_43",
				"type": "INT32"
			},
			{
				"name": "DATA_I_44",
				"type": "INT32"
			},
			{
				"name": "DATA_I_45",
				"type": "INT32"
			},
			{
				"name": "DATA_I_46",
				"type": "INT32"
			},
			{
				"name": "DATA_I_47",
				"type": "INT32"
			},
			{
				"name": "DATA_I_48",
				"type": "INT32"
			},
			{
				"name": "DATA_I_49",
				"type": "INT32"
			},
			{
				"name": "DATA_I_50",
				"type": "INT32"
			},
			{
				"name": "DATA_I_51",
				"type": "INT32"
			},
			{
				"name": "DATA_I_52",
				"type": "INT32"
			},
			{
				"name": "DATA_I_53",
				"type": "INT32"
			},
			{
				"name": "DATA_I_54",
				"type": "INT32"
			},
			{
				"name": "DATA_I_55",
				"type": "INT32"
			},
			{
				"name": "DATA_I_56",
				"type": "INT32"
			},
			{
				"name": "DATA_I_57",
				"type": "INT32"
			},
			{
				"name": "DATA_I_58",
				"type": "INT32"
			},
			{
				"name": "DATA_I_59",
				"type": "INT32"
			},
			{
				"name": "DATA_I_60",
				"type": "INT32"
			},
			{
				"name": "DATA_I_61",
				"type": "INT32"
			},
			{
				"name": "DATA_I_62",
				"type": "INT32"
			},
			{
				"name": "DATA_I_63",
				"type": "INT32"
			},
			{
				"name": "DATA_I_64",
				"type": "INT32"
			},
			{
				"name": "DATA_I_65",
				"type": "INT32"
			},
			{
				"name": "DATA_I_66",
				"type": "INT32"
			},
			{
				"name": "DATA_I_67",
				"type": "INT32"
			},
			{
				"name": "DATA_I_68",
				"type": "INT32"
			},
			{
				"name": "DATA_I_69",
				"type": "INT32"
			},
			{
				"name": "DATA_I_70",
				"type": "INT32"
			},
			{
				"name": "DATA_I_71",
				"type": "INT32"
			},
			{
				"name": "DATA_I_72",
				"type": "INT32"
			},
			{
				"name": "DATA_I_73",
				"type": "INT32"
			},
			{
				"name": "DATA_I_74",
				"type": "INT32"
			},
			{
				"name": "DATA_I_75",
				"type": "INT32"
			},
			{
				"name": "DATA_I_76",
				"type": "INT32"
			},
			{
				"name": "DATA_I_77",
				"type": "INT32"
			},
			{
				"name": "DATA_I_78",
				"type": "INT32"
			},
			{
				"name": "DATA_I_79",
				"type": "INT32"
			},
			{
				"name": "DATA_I_80",
				"type": "INT32"
			},
			{
				"name": "DATA_I_81",
				"type": "INT32"
			},
			{
				"name": "DATA_I_82",
				"type": "INT32"
			},
			{
				"name": "DATA_I_83",
				"type": "INT32"
			},
			{
				"name": "DATA_I_84",
				"type": "INT32"
			},
			{
				"name": "DATA_I_85",
				"type": "INT32"
			},
			{
				"name": "DATA_I_86",
				"type": "INT32"
			},
			{
				"name": "DATA_I_87",
				"type": "INT32"
			},
			{
				"name": "DATA_I_88",
				"type": "INT32"
			},
			{
				"name": "DATA_I_89",
				"type": "INT32"
			},
			{
				"name": "DATA_I_90",
				"type": "INT32"
			},
			{
				"name": "DATA_I_91",
				"type": "INT32"
			},
			{
				"name": "DATA_I_92",
				"type": "INT32"
			},
			{
				"name": "DATA_I_93",
				"type": "INT32"
			},
			{
				"name": "DATA_I_94",
				"type": "INT32"
			},
			{
				"name": "DATA_I_95",
				"type": "INT32"
			},
			{
				"name": "DATA_I_96",
				"type": "INT32"
			},
			{
				"name": "DATA_I_97",
				"type": "INT32"
			},
			{
				"name": "DATA_I_98",
				"type": "INT32"
			},
			{
				"name": "DATA_I_99",
				"type": "INT32"
			},
			{
				"name": "DATA_I_100",
				"type": "INT32"
			},
			{
				"name": "DATA_I_101",
				"type": "INT32"
			},
			{
				"name": "DATA_I_102",
				"type": "INT32"
			},
			{
				"name": "DATA_S_1",
				"type": "UTF8"
			},
			{
				"name": "DATA_S_3",
				"type": "UTF8"
			},
			{
				"name": "DATA_S_4",
				"type": "UTF8"
			},
			{
				"name": "DATA_S_5",
				"type": "UTF8"
			},
			{
				"name": "DATA_S_7",
				"type": "UTF8"
			},
			{
				"name": "DATA_S_8",
				"type": "UTF8"
			},
			{
				"name": "DATA_S_9",
				"type": "UTF8"
			},
			{
				"name": "DATA_S_10",
				"type": "UTF8"
			},
			{
				"name": "DATA_S_11",
				"type": "UTF8"
			},
			{
				"name": "DATA_S_12",
				"type": "UTF8"
			},
			{
				"name": "DATA_S_14",
				"type": "UTF8"
			},
			{
				"name": "DATA_S_15",
				"type": "UTF8"
			},
			{
				"name": "DATA_S_16",
				"type": "UTF8"
			},
			{
				"name": "DATA_S_17",
				"type": "UTF8"
			},
			{
				"name": "DATA_S_18",
				"type": "UTF8"
			},
			{
				"name": "DATA_S_22",
				"type": "UTF8"
			},
			{
				"name": "DATA_S_23",
				"type": "UTF8"
			},
			{
				"name": "DATA_S_24",
				"type": "UTF8"
			},
			{
				"name": "DATA_S_25",
				"type": "UTF8"
			},
			{
				"name": "DATA_S_26",
				"type": "UTF8"
			},
			{
				"name": "DATA_S_27",
				"type": "UTF8"
			},
			{
				"name": "DATA_S_28",
				"type": "UTF8"
			},
			{
				"name": "DATA_S_29",
				"type": "UTF8"
			},
			{
				"name": "DATA_S_30",
				"type": "UTF8"
			},
			{
				"name": "DATA_S_31",
				"type": "UTF8"
			},
			{
				"name": "DATA_S_32",
				"type": "UTF8"
			},
			{
				"name": "DATA_S_33",
				"type": "UTF8"
			},
			{
				"name": "DATA_S_34",
				"type": "UTF8"
			},
			{
				"name": "DATA_S_35",
				"type": "UTF8"
			},
			{
				"name": "DATA_S_36",
				"type": "UTF8"
			},
			{
				"name": "DATA_S_37",
				"type": "UTF8"
			},
			{
				"name": "DATA_S_38",
				"type": "UTF8"
			},
			{
				"name": "DATA_S_39",
				"type": "UTF8"
			},
			{
				"name": "DATA_S_40",
				"type": "UTF8"
			},
			{
				"name": "DATA_S_41",
				"type": "UTF8"
			},
			{
				"name": "DATA_S_42",
				"type": "UTF8"
			},
			{
				"name": "DATA_S_43",
				"type": "UTF8"
			},
			{
				"name": "DATA_S_44",
				"type": "UTF8"
			},
			{
				"name": "DATA_S_45",
				"type": "UTF8"
			},
			{
				"name": "DATA_S_46",
				"type": "UTF8"
			},
			{
				"name": "DATA_S_47",
				"type": "UTF8"
			},
			{
				"name": "DATA_S_48",
				"type": "UTF8"
			},
			{
				"name": "DATA_S_49",
				"type": "UTF8"
			},
			{
				"name": "DATA_S_50",
				"type": "UTF8"
			},
			{
				"name": "DATA_S_51",
				"type": "UTF8"
			},
			{
				"name": "DATA_S_52",
				"type": "UTF8"
			},
			{
				"name": "DATA_S_53",
				"type": "UTF8"
			},
			{
				"name": "DATA_S_54",
				"type": "UTF8"
			},
			{
				"name": "DATA_S_55",
				"type": "UTF8"
			},
			{
				"name": "DATA_S_56",
				"type": "UTF8"
			},
			{
				"name": "DATA_S_57",
				"type": "UTF8"
			},
			{
				"name": "DATA_S_58",
				"type": "UTF8"
			},
			{
				"name": "DATA_S_59",
				"type": "UTF8"
			},
			{
				"name": "DATA_S_60",
				"type": "UTF8"
			},
			{
				"name": "DATA_S_61",
				"type": "UTF8"
			},
			{
				"name": "DATA_S_62",
				"type": "UTF8"
			},
			{
				"name": "DATA_S_64",
				"type": "UTF8"
			},
			{
				"name": "DATA_S_65",
				"type": "UTF8"
			},
			{
				"name": "DATA_S_66",
				"type": "UTF8"
			},
			{
				"name": "DATA_S_67",
				"type": "UTF8"
			},
			{
				"name": "DATA_S_71",
				"type": "UTF8"
			},
			{
				"name": "DATA_S_72",
				"type": "UTF8"
			},
			{
				"name": "DATA_S_73",
				"type": "UTF8"
			},
			{
				"name": "DATA_S_74",
				"type": "UTF8"
			},
			{
				"name": "DATA_S_75",
				"type": "UTF8"
			},
			{
				"name": "DATA_S_76",
				"type": "UTF8"
			},
			{
				"name": "DATA_S_77",
				"type": "UTF8"
			},
			{
				"name": "DATA_S_78",
				"type": "UTF8"
			},
			{
				"name": "DATA_S_79",
				"type": "UTF8"
			},
			{
				"name": "DATA_S_80",
				"type": "UTF8"
			},
			{
				"name": "DATA_S_81",
				"type": "UTF8"
			},
			{
				"name": "DATA_S_82",
				"type": "UTF8"
			},
			{
				"name": "DATA_S_83",
				"type": "UTF8"
			},
			{
				"name": "DATA_S_98",
				"type": "UTF8"
			},
			{
				"name": "DATA_S_99",
				"type": "UTF8"
			},
			{
				"name": "DATA_S_100",
				"type": "UTF8"
			},
			{
				"name": "DATA_S_101",
				"type": "UTF8"
			},
			{
				"name": "USER_PAYEE_TIME_DIFF",
				"type": "INT32"
			},
			{
				"name": "USER_PAYEE_AMOUNT_DIFF",
				"type": "INT32"
			},
			{
				"name": "USER_PAYEE_LAST_AMOUNT",
				"type": "INT32"
			},
			{
				"name": "USER_PAYEE_LAST_PAYEMENT_DATE",
				"type": "INT96"
			},
			{
				"name": "DATA_S_84",
				"type": "UTF8"
			},
			{
				"name": "DATA_S_85",
				"type": "UTF8"
			},
			{
				"name": "DATA_S_86",
				"type": "UTF8"
			},
			{
				"name": "DATA_S_92",
				"type": "UTF8"
			},
			{
				"name": "DATA_S_93",
				"type": "UTF8"
			},
			{
				"name": "COOKIE_AGE",
				"type": "INT32"
			},
			{
				"name": "DATA_S_95",
				"type": "UTF8"
			},
			{
				"name": "DATA_S_96",
				"type": "UTF8"
			},
			{
				"name": "MOBILE_AGE",
				"type": "INT32"
			},
			{
				"name": "DATA_S_103",
				"type": "UTF8"
			},
			{
				"name": "DATA_S_105",
				"type": "UTF8"
			},
			{
				"name": "DATA_S_106",
				"type": "UTF8"
			},
			{
				"name": "DATA_S_107",
				"type": "UTF8"
			},
			{
				"name": "DATA_S_108",
				"type": "UTF8"
			},
			{
				"name": "DATA_S_109",
				"type": "UTF8"
			},
			{
				"name": "DATA_S_110",
				"type": "UTF8"
			},
			{
				"name": "DATA_S_111",
				"type": "UTF8"
			},
			{
				"name": "DATA_S_112",
				"type": "UTF8"
			},
			{
				"name": "DATA_S_113",
				"type": "UTF8"
			},
			{
				"name": "DATA_S_114",
				"type": "UTF8"
			},
			{
				"name": "TEST_RULE_FLAG",
				"type": "UTF8"
			},
			{
				"name": "DATA_I_103",
				"type": "INT32"
			},
			{
				"name": "DATA_I_104",
				"type": "INT32"
			},
			{
				"name": "DATA_I_105",
				"type": "INT32"
			},
			{
				"name": "DATA_I_106",
				"type": "INT32"
			},
			{
				"name": "DATA_I_107",
				"type": "INT32"
			},
			{
				"name": "DATA_I_108",
				"type": "INT32"
			},
			{
				"name": "DATA_I_109",
				"type": "INT32"
			},
			{
				"name": "DATA_I_110",
				"type": "INT32"
			},
			{
				"name": "DATA_I_111",
				"type": "INT32"
			},
			{
				"name": "DFP_AGE",
				"type": "INT32"
			},
			{
				"name": "DATA_I_112",
				"type": "INT32"
			},
			{
				"name": "DATA_I_113",
				"type": "INT32"
			},
			{
				"name": "DATA_I_114",
				"type": "INT32"
			},
			{
				"name": "DATA_I_115",
				"type": "INT32"
			},
			{
				"name": "DATA_I_116",
				"type": "INT32"
			},
			{
				"name": "DATA_I_117",
				"type": "INT32"
			},
			{
				"name": "DATA_I_118",
				"type": "INT32"
			},
			{
				"name": "DATA_I_119",
				"type": "INT32"
			},
			{
				"name": "DATA_I_120",
				"type": "INT32"
			},
			{
				"name": "DATA_I_121",
				"type": "INT32"
			},
			{
				"name": "DATA_I_122",
				"type": "INT32"
			},
			{
				"name": "DATA_I_123",
				"type": "INT32"
			},
			{
				"name": "DATA_I_124",
				"type": "INT32"
			},
			{
				"name": "DATA_I_125",
				"type": "INT32"
			},
			{
				"name": "DATA_I_129",
				"type": "INT32"
			},
			{
				"name": "DATA_I_130",
				"type": "INT32"
			},
			{
				"name": "DATA_I_131",
				"type": "INT32"
			},
			{
				"name": "DATA_I_132",
				"type": "INT32"
			},
			{
				"name": "DATA_I_133",
				"type": "INT32"
			},
			{
				"name": "DATA_I_134",
				"type": "INT32"
			},
			{
				"name": "DATA_I_139",
				"type": "INT32"
			},
			{
				"name": "DATA_I_140",
				"type": "INT32"
			},
			{
				"name": "USER_NUM_WEB_ISP_10D",
				"type": "INT32"
			},
			{
				"name": "USER_NUM_WEB_ISP_30D",
				"type": "INT32"
			},
			{
				"name": "DATA_I_141",
				"type": "INT32"
			},
			{
				"name": "DATA_I_142",
				"type": "INT32"
			},
			{
				"name": "DATA_I_143",
				"type": "INT32"
			},
			{
				"name": "USER_NUM_MOBILE_ISP_10D",
				"type": "INT32"
			},
			{
				"name": "USER_NUM_MOBILE_ISP_30D",
				"type": "INT32"
			},
			{
				"name": "DATA_I_144",
				"type": "INT32"
			},
			{
				"name": "DATA_I_145",
				"type": "INT32"
			},
			{
				"name": "DATA_I_146",
				"type": "INT32"
			},
			{
				"name": "DATA_I_147",
				"type": "INT32"
			},
			{
				"name": "DATA_I_148",
				"type": "INT32"
			},
			{
				"name": "DATA_I_149",
				"type": "INT32"
			},
			{
				"name": "DATA_I_150",
				"type": "INT32"
			},
			{
				"name": "DATA_I_154",
				"type": "INT32"
			},
			{
				"name": "DATA_I_155",
				"type": "INT32"
			},
			{
				"name": "DATA_I_156",
				"type": "INT32"
			},
			{
				"name": "DATA_I_160",
				"type": "INT32"
			},
			{
				"name": "DATA_I_161",
				"type": "INT32"
			},
			{
				"name": "DATA_I_162",
				"type": "INT32"
			},
			{
				"name": "DATA_I_163",
				"type": "INT32"
			},
			{
				"name": "DATA_I_164",
				"type": "INT32"
			},
			{
				"name": "DATA_I_165",
				"type": "INT32"
			},
			{
				"name": "DATA_I_166",
				"type": "INT32"
			},
			{
				"name": "DATA_I_167",
				"type": "INT32"
			},
			{
				"name": "DATA_I_168",
				"type": "INT32"
			},
			{
				"name": "DATA_I_169",
				"type": "INT32"
			},
			{
				"name": "DATA_I_170",
				"type": "INT32"
			},
			{
				"name": "DATA_I_172",
				"type": "INT32"
			},
			{
				"name": "DATA_I_173",
				"type": "INT32"
			},
			{
				"name": "DATA_I_174",
				"type": "INT32"
			},
			{
				"name": "DATA_I_175",
				"type": "INT32"
			},
			{
				"name": "DATA_I_176",
				"type": "INT32"
			},
			{
				"name": "DATA_I_177",
				"type": "INT32"
			},
			{
				"name": "DATA_I_178",
				"type": "INT32"
			},
			{
				"name": "DATA_I_179",
				"type": "INT32"
			},
			{
				"name": "CLIENT_CHANNEL_INDICATOR",
				"type": "UTF8"
			},
			{
				"name": "GEODISTANCE",
				"type": "INT64"
			},
			{
				"name": "GROUNDSPEED",
				"type": "INT64"
			},
			{
				"name": "GROUNDSPEED_FINAL",
				"type": "INT64"
			},
			{
				"name": "OPERATING_SYSTEM",
				"type": "UTF8"
			},
			{
				"name": "BROWSER_TYPE",
				"type": "UTF8"
			},
			{
				"name": "BROWSER_VERSION",
				"type": "UTF8"
			},
			{
				"name": "WEB_PAGE_ID",
				"type": "UTF8"
			},
			{
				"name": "BROWSER_PAGE_ID_KEY",
				"type": "UTF8"
			},
			{
				"name": "WEB_INPUT_IN_BLACKLIST",
				"type": "UTF8"
			},
			{
				"name": "WEB_IFRAME_IN_BLACKLIST",
				"type": "UTF8"
			},
			{
				"name": "WEB_JS_FUNC_IN_BLACKLIST",
				"type": "UTF8"
			},
			{
				"name": "WEB_JS_FUNC_IS_TRUNCATED",
				"type": "UTF8"
			},
			{
				"name": "WEB_ACTIVITY_TYPE",
				"type": "UTF8"
			},
			{
				"name": "WEB_INPUT_COUNT",
				"type": "INT32"
			},
			{
				"name": "WEB_INPUT_COUNT_DIFF",
				"type": "INT32"
			},
			{
				"name": "WEB_INPUT_COUNT_FREQ",
				"type": "INT32"
			},
			{
				"name": "WEB_INPUT_NAMES_KEY",
				"type": "INT64"
			},
			{
				"name": "WEB_INPUT_NAMES_LOW_FREQ",
				"type": "INT32"
			},
			{
				"name": "WEB_USER_INPUT_COUNT_DIFF",
				"type": "INT32"
			},
			{
				"name": "WEB_IFRAME_COUNT",
				"type": "INT32"
			},
			{
				"name": "WEB_IFRAME_COUNT_DIFF",
				"type": "INT32"
			},
			{
				"name": "WEB_IFRAME_COUNT_FREQ",
				"type": "INT32"
			},
			{
				"name": "WEB_IFRAME_NAMES_KEY",
				"type": "INT64"
			},
			{
				"name": "WEB_IFRAME_NAMES_LOW_FREQ",
				"type": "INT32"
			},
			{
				"name": "WEB_USER_IFRAME_COUNT_DIFF",
				"type": "INT32"
			},
			{
				"name": "WEB_JS_FUNC_COUNT",
				"type": "INT32"
			},
			{
				"name": "WEB_JS_FUNC_EXCLUDED_COUNT",
				"type": "INT32"
			},
			{
				"name": "WEB_JS_FUNC_COUNT_DIFF",
				"type": "INT32"
			},
			{
				"name": "WEB_JS_FUNC_COUNT_FREQ",
				"type": "INT32"
			},
			{
				"name": "WEB_JS_FUNC_NAMES_KEY",
				"type": "INT64"
			},
			{
				"name": "WEB_JS_FUNC_NAMES_LOW_FREQ",
				"type": "INT32"
			},
			{
				"name": "WEB_USER_JS_FUNC_COUNT_DIFF",
				"type": "INT32"
			},
			{
				"name": "IS_AUTOMATED",
				"type": "UTF8"
			},
			{
				"name": "PROXY_DETECTION_TIME_DIFF",
				"type": "INT32"
			},
			{
				"name": "PROXY_DETECTION_BUCKET",
				"type": "INT32"
			},
			{
				"name": "MAN_VS_MACHINE_COLLECTION",
				"type": "INT32"
			},
			{
				"name": "PROXY_DETECTION_COLLECTION",
				"type": "INT32"
			},
			{
				"name": "PROXY_TIME_DIFF_PROPORTION",
				"type": "INT32"
			},
			{
				"name": "USER_PAGE_AUTO_PROPORTION",
				"type": "INT32"
			},
			{
				"name": "USER_PAGE_AUTO_COUNT",
				"type": "INT32"
			},
			{
				"name": "PROXY_TIME_DIFF_COUNT",
				"type": "INT32"
			},
			{
				"name": "JS_COLLECTION_STATUS",
				"type": "INT32"
			},
			{
				"name": "WEB_PAGE_JS_COLLECTION_STATUS",
				"type": "INT32"
			},
			{
				"name": "TOTAL_JS_COLLECTION_STATUS",
				"type": "INT32"
			},
			{
				"name": "JS_PREV_COLLECTION_STATUS",
				"type": "INT32"
			},
			{
				"name": "JS_COLLECTION_STATUS_PROP",
				"type": "INT32"
			},
			{
				"name": "JS_COLLECTION_STATUS_COUNT",
				"type": "INT32"
			},
			{
				"name": "TROJAN_PRECENTAGE_HITS",
				"type": "INT32"
			},
			{
				"name": "IFIELD_DAYS_SINCE_LAST_HIT",
				"type": "INT32"
			},
			{
				"name": "IFRAME_DAYS_SINCE_LAST_HIT",
				"type": "INT32"
			},
			{
				"name": "JSF_DAYS_SINCE_LAST_HIT",
				"type": "INT32"
			},
			{
				"name": "IFIELD_BL_DAYS_SINCE_LAST_HIT",
				"type": "INT32"
			},
			{
				"name": "IFRAME_BL_DAYS_SINCE_LAST_HIT",
				"type": "INT32"
			},
			{
				"name": "JSF_BL_DAYS_SINCE_LAST_HIT",
				"type": "INT32"
			},
			{
				"name": "USER_DAYS_SINCE_LAST_HITS",
				"type": "INT32"
			},
			{
				"name": "USER_PAYEE_NUM_PAYMT_10_MN",
				"type": "INT32"
			},
			{
				"name": "USER_PAYEE_NUM_PAYMT_30_MN",
				"type": "INT32"
			},
			{
				"name": "USER_PAYEE_NUM_PAYMT_1_HR",
				"type": "INT32"
			},
			{
				"name": "USER_PAYEE_NUM_PAYMT_4_HR",
				"type": "INT32"
			},
			{
				"name": "USER_PAYEE_NUM_PAYMT_24_HR",
				"type": "INT32"
			},
			{
				"name": "USER_PAYEE_NUM_EPI_PAYMT_1_HR",
				"type": "INT32"
			},
			{
				"name": "USER_PAYEE_NUM_EPI_PAYMT_24_HR",
				"type": "INT32"
			},
			{
				"name": "DEVICE_ID_AGE",
				"type": "INT32"
			},
			{
				"name": "DEV_ID_ASSURANCE_LVL",
				"type": "INT32"
			},
			{
				"name": "USER_DEV_ID_NUM_HITS",
				"type": "INT32"
			},
			{
				"name": "USER_DEV_ID_MAX_AUTH_REQ",
				"type": "INT32"
			},
			{
				"name": "USER_DEV_ID_MAX_AUTH_COMP",
				"type": "INT32"
			},
			{
				"name": "USER_DEV_ID_REQ_VS_CMP",
				"type": "UTF8"
			},
			{
				"name": "RDP_TROJAN_STATUS",
				"type": "INT32"
			},
			{
				"name": "RDP_TROJAN_COLLECTION_STATUS",
				"type": "INT32"
			},
			{
				"name": "RDP_TROJAN_STATUS_PROPORTION",
				"type": "INT32"
			},
			{
				"name": "RDP_TROJAN_STATUS_COUNT",
				"type": "INT32"
			},
			{
				"name": "EMULATOR_DETECTION",
				"type": "INT32"
			},
			{
				"name": "EMULATOR_DETECTION_PROPRTION",
				"type": "INT32"
			},
			{
				"name": "EMULATOR_DETECTION_COUNT",
				"type": "INT32"
			},
			{
				"name": "CALC_EMULATOR_DETECTION",
				"type": "UTF8"
			},
			{
				"name": "COMPROPMISED_STATUS",
				"type": "INT32"
			},
			{
				"name": "COMPROMISED_STATUS_PROPORTION",
				"type": "INT32"
			},
			{
				"name": "COMPROMISED_STATUS_COUNT",
				"type": "INT32"
			},
			{
				"name": "CALC_COMPROPMISED_STATUS",
				"type": "UTF8"
			},
			{
				"name": "DEVICE_ID_STR",
				"type": "UTF8"
			},
			{
				"name": "DEVICE_SYSTEM_NAME",
				"type": "UTF8"
			},
			{
				"name": "DEVICE_SYSTEM_VERSION",
				"type": "UTF8"
			},
			{
				"name": "USER_IP_LATITUDE",
				"type": "INT64"
			},
			{
				"name": "USER_IP_LONGITUDE",
				"type": "INT64"
			},
			{
				"name": "DATA_L_1",
				"type": "DECIMAL",
				"precision": 33,
				"scale": 0
			},
			{
				"name": "DATA_L_2",
				"type": "DECIMAL",
				"precision": 33,
				"scale": 0
			},
			{
				"name": "DATA_I_180",
				"type": "INT32"
			},
			{
				"name": "DATA_I_181",
				"type": "INT32"
			},
			{
				"name": "DATA_I_182",
				"type": "INT32"
			},
			{
				"name": "DATA_I_183",
				"type": "INT32"
			},
			{
				"name": "DATA_S_115",
				"type": "UTF8"
			},
			{
				"name": "DATA_I_184",
				"type": "INT32"
			},
			{
				"name": "DATA_S_116",
				"type": "UTF8"
			},
			{
				"name": "DATA_I_185",
				"type": "INT32"
			},
			{
				"name": "DATA_S_117",
				"type": "UTF8"
			},
			{
				"name": "DATA_I_186",
				"type": "INT32"
			},
			{
				"name": "DATA_S_118",
				"type": "UTF8"
			},
			{
				"name": "DATA_I_187",
				"type": "INT32"
			},
			{
				"name": "DATA_I_566",
				"type": "INT32"
			},
			{
				"name": "DATA_I_567",
				"type": "INT32"
			},
			{
				"name": "DATA_I_568",
				"type": "INT32"
			},
			{
				"name": "DATA_I_569",
				"type": "INT32"
			},
			{
				"name": "DATA_I_570",
				"type": "INT32"
			},
			{
				"name": "DATA_I_571",
				"type": "INT32"
			},
			{
				"name": "DATA_I_609",
				"type": "INT32"
			},
			{
				"name": "DATA_I_610",
				"type": "INT32"
			},
			{
				"name": "DATA_I_611",
				"type": "INT32"
			},
			{
				"name": "DATA_I_612",
				"type": "INT32"
			},
			{
				"name": "DATA_L_520",
				"type": "INT64"
			},
			{
				"name": "DATA_I_613",
				"type": "INT32"
			},
			{
				"name": "DATA_L_521",
				"type": "INT64"
			},
			{
				"name": "DATA_I_614",
				"type": "INT32"
			},
			{
				"name": "DATA_L_522",
				"type": "INT64"
			},
			{
				"name": "DATA_I_615",
				"type": "INT32"
			},
			{
				"name": "DATA_L_523",
				"type": "INT64"
			},
			{
				"name": "DATA_I_616",
				"type": "INT32"
			},
			{
				"name": "DATA_I_617",
				"type": "INT32"
			},
			{
				"name": "DATA_I_624",
				"type": "INT32"
			},
			{
				"name": "DATA_S_524",
				"type": "UTF8"
			},
			{
				"name": "DATA_S_525",
				"type": "UTF8"
			},
			{
				"name": "DATA_B_501",
				"type": "UTF8"
			},
			{
				"name": "DATA_L_524",
				"type": "INT64"
			},
			{
				"name": "DATA_S_527",
				"type": "UTF8"
			},
			{
				"name": "DATA_I_500",
				"type": "INT32"
			},
			{
				"name": "DATA_I_501",
				"type": "INT32"
			},
			{
				"name": "DATA_S_500",
				"type": "UTF8"
			},
			{
				"name": "DATA_I_502",
				"type": "INT32"
			},
			{
				"name": "DATA_I_503",
				"type": "INT32"
			},
			{
				"name": "DATA_S_501",
				"type": "UTF8"
			},
			{
				"name": "DATA_I_504",
				"type": "INT32"
			},
			{
				"name": "DATA_I_505",
				"type": "INT32"
			},
			{
				"name": "DATA_S_502",
				"type": "UTF8"
			},
			{
				"name": "DATA_I_506",
				"type": "INT32"
			},
			{
				"name": "DATA_I_507",
				"type": "INT32"
			},
			{
				"name": "DATA_S_503",
				"type": "UTF8"
			},
			{
				"name": "DATA_I_508",
				"type": "INT32"
			},
			{
				"name": "DATA_I_509",
				"type": "INT32"
			},
			{
				"name": "DATA_S_504",
				"type": "UTF8"
			},
			{
				"name": "DATA_I_510",
				"type": "INT32"
			},
			{
				"name": "DATA_I_511",
				"type": "INT32"
			},
			{
				"name": "DATA_S_505",
				"type": "UTF8"
			},
			{
				"name": "DATA_I_512",
				"type": "INT32"
			},
			{
				"name": "DATA_I_513",
				"type": "INT32"
			},
			{
				"name": "DATA_S_506",
				"type": "UTF8"
			},
			{
				"name": "DATA_I_514",
				"type": "INT32"
			},
			{
				"name": "DATA_I_515",
				"type": "INT32"
			},
			{
				"name": "DATA_S_507",
				"type": "UTF8"
			},
			{
				"name": "DATA_I_516",
				"type": "INT32"
			},
			{
				"name": "DATA_I_517",
				"type": "INT32"
			},
			{
				"name": "DATA_S_508",
				"type": "UTF8"
			},
			{
				"name": "DATA_I_518",
				"type": "INT32"
			},
			{
				"name": "DATA_I_519",
				"type": "INT32"
			},
			{
				"name": "DATA_S_509",
				"type": "UTF8"
			},
			{
				"name": "DATA_I_520",
				"type": "INT32"
			},
			{
				"name": "DATA_I_521",
				"type": "INT32"
			},
			{
				"name": "DATA_S_510",
				"type": "UTF8"
			},
			{
				"name": "DATA_I_522",
				"type": "INT32"
			},
			{
				"name": "DATA_S_511",
				"type": "UTF8"
			},
			{
				"name": "DATA_I_523",
				"type": "INT32"
			},
			{
				"name": "DATA_I_524",
				"type": "INT32"
			},
			{
				"name": "DATA_I_525",
				"type": "INT32"
			},
			{
				"name": "DATA_S_512",
				"type": "UTF8"
			},
			{
				"name": "DATA_I_526",
				"type": "INT32"
			},
			{
				"name": "DATA_I_527",
				"type": "INT32"
			},
			{
				"name": "DATA_I_528",
				"type": "INT32"
			},
			{
				"name": "DATA_S_513",
				"type": "UTF8"
			},
			{
				"name": "DATA_I_529",
				"type": "INT32"
			},
			{
				"name": "DATA_I_530",
				"type": "INT32"
			},
			{
				"name": "DATA_I_531",
				"type": "INT32"
			},
			{
				"name": "DATA_S_514",
				"type": "UTF8"
			},
			{
				"name": "DATA_I_532",
				"type": "INT32"
			},
			{
				"name": "DATA_I_533",
				"type": "INT32"
			},
			{
				"name": "DATA_I_534",
				"type": "INT32"
			},
			{
				"name": "DATA_S_515",
				"type": "UTF8"
			},
			{
				"name": "DATA_I_535",
				"type": "INT32"
			},
			{
				"name": "DATA_I_536",
				"type": "INT32"
			},
			{
				"name": "DATA_I_537",
				"type": "INT32"
			},
			{
				"name": "DATA_S_516",
				"type": "UTF8"
			},
			{
				"name": "DATA_I_538",
				"type": "INT32"
			},
			{
				"name": "DATA_I_539",
				"type": "INT32"
			},
			{
				"name": "DATA_I_540",
				"type": "INT32"
			},
			{
				"name": "DATA_S_517",
				"type": "UTF8"
			},
			{
				"name": "DATA_I_541",
				"type": "INT32"
			},
			{
				"name": "DATA_I_542",
				"type": "INT32"
			},
			{
				"name": "DATA_I_543",
				"type": "INT32"
			},
			{
				"name": "DATA_S_518",
				"type": "UTF8"
			},
			{
				"name": "DATA_I_544",
				"type": "INT32"
			},
			{
				"name": "DATA_I_545",
				"type": "INT32"
			},
			{
				"name": "DATA_I_546",
				"type": "INT32"
			},
			{
				"name": "DATA_S_519",
				"type": "UTF8"
			},
			{
				"name": "DATA_I_547",
				"type": "INT32"
			},
			{
				"name": "DATA_I_548",
				"type": "INT32"
			},
			{
				"name": "DATA_I_549",
				"type": "INT32"
			},
			{
				"name": "DATA_S_520",
				"type": "UTF8"
			},
			{
				"name": "DATA_I_550",
				"type": "INT32"
			},
			{
				"name": "DATA_I_551",
				"type": "INT32"
			},
			{
				"name": "DATA_I_552",
				"type": "INT32"
			},
			{
				"name": "DATA_S_521",
				"type": "UTF8"
			},
			{
				"name": "DATA_I_553",
				"type": "INT32"
			},
			{
				"name": "DATA_I_554",
				"type": "INT32"
			},
			{
				"name": "DATA_I_555",
				"type": "INT32"
			},
			{
				"name": "DATA_S_522",
				"type": "UTF8"
			},
			{
				"name": "DATA_I_556",
				"type": "INT32"
			},
			{
				"name": "DATA_I_557",
				"type": "INT32"
			},
			{
				"name": "DATA_I_558",
				"type": "INT32"
			},
			{
				"name": "DATA_I_559",
				"type": "INT32"
			},
			{
				"name": "DATA_I_560",
				"type": "INT32"
			},
			{
				"name": "DATA_I_561",
				"type": "INT32"
			},
			{
				"name": "DATA_I_562",
				"type": "INT32"
			},
			{
				"name": "DATA_I_563",
				"type": "INT32"
			},
			{
				"name": "DATA_I_564",
				"type": "INT32"
			},
			{
				"name": "DATA_I_565",
				"type": "INT32"
			},
			{
				"name": "DATA_S_523",
				"type": "UTF8"
			},
			{
				"name": "DATA_I_626",
				"type": "INT32"
			},
			{
				"name": "DATA_I_627",
				"type": "INT32"
			},
			{
				"name": "DATA_I_628",
				"type": "INT32"
			},
			{
				"name": "DATA_I_629",
				"type": "INT32"
			},
			{
				"name": "DATA_B_500",
				"type": "UTF8"
			},
			{
				"name": "DATA_S_526",
				"type": "UTF8"
			},
			{
				"name": "DATA_I_572",
				"type": "INT32"
			},
			{
				"name": "DATA_I_573",
				"type": "INT32"
			},
			{
				"name": "DATA_I_574",
				"type": "INT32"
			},
			{
				"name": "DATA_I_576",
				"type": "INT32"
			},
			{
				"name": "DATA_I_577",
				"type": "INT32"
			},
			{
				"name": "DATA_I_578",
				"type": "INT32"
			},
			{
				"name": "DATA_I_579",
				"type": "INT32"
			},
			{
				"name": "DATA_I_580",
				"type": "INT32"
			},
			{
				"name": "DATA_I_581",
				"type": "INT32"
			},
			{
				"name": "DATA_I_582",
				"type": "INT32"
			},
			{
				"name": "DATA_I_583",
				"type": "INT32"
			},
			{
				"name": "DATA_I_584",
				"type": "INT32"
			},
			{
				"name": "DATA_I_585",
				"type": "INT32"
			},
			{
				"name": "DATA_I_586",
				"type": "INT32"
			},
			{
				"name": "DATA_I_587",
				"type": "INT32"
			},
			{
				"name": "DATA_I_590",
				"type": "INT32"
			},
			{
				"name": "DATA_I_591",
				"type": "INT32"
			},
			{
				"name": "DATA_I_592",
				"type": "INT32"
			},
			{
				"name": "DATA_I_593",
				"type": "INT32"
			},
			{
				"name": "DATA_I_595",
				"type": "INT32"
			},
			{
				"name": "DATA_I_596",
				"type": "INT32"
			},
			{
				"name": "DATA_I_597",
				"type": "INT32"
			},
			{
				"name": "DATA_I_598",
				"type": "INT32"
			},
			{
				"name": "DATA_I_599",
				"type": "INT32"
			},
			{
				"name": "DATA_I_600",
				"type": "INT32"
			},
			{
				"name": "DATA_I_601",
				"type": "INT32"
			},
			{
				"name": "DATA_I_602",
				"type": "INT32"
			},
			{
				"name": "DATA_I_603",
				"type": "INT32"
			},
			{
				"name": "DATA_I_604",
				"type": "INT32"
			},
			{
				"name": "DATA_I_634",
				"type": "INT32"
			},
			{
				"name": "DATA_I_635",
				"type": "INT32"
			},
			{
				"name": "DATA_I_636",
				"type": "INT32"
			},
			{
				"name": "DATA_I_637",
				"type": "INT32"
			},
			{
				"name": "DATA_I_638",
				"type": "INT32"
			},
			{
				"name": "DATA_I_639",
				"type": "INT32"
			},
			{
				"name": "DATA_I_640",
				"type": "INT32"
			},
			{
				"name": "DATA_I_641",
				"type": "INT32"
			},
			{
				"name": "DATA_I_642",
				"type": "INT32"
			},
			{
				"name": "DATA_I_643",
				"type": "INT32"
			},
			{
				"name": "DATA_I_644",
				"type": "INT32"
			},
			{
				"name": "DATA_I_645",
				"type": "INT32"
			},
			{
				"name": "DATA_I_606",
				"type": "INT32"
			},
			{
				"name": "DATA_I_607",
				"type": "INT32"
			},
			{
				"name": "DATA_I_608",
				"type": "INT32"
			},
			{
				"name": "DATA_I_630",
				"type": "INT32"
			},
			{
				"name": "DATA_I_631",
				"type": "INT32"
			},
			{
				"name": "DATA_I_632",
				"type": "INT32"
			},
			{
				"name": "DATA_I_633",
				"type": "INT32"
			},
			{
				"name": "DATA_I_618",
				"type": "INT32"
			},
			{
				"name": "DATA_I_619",
				"type": "INT32"
			},
			{
				"name": "DATA_I_620",
				"type": "INT32"
			},
			{
				"name": "DATA_I_621",
				"type": "INT32"
			},
			{
				"name": "DATA_I_622",
				"type": "INT32"
			},
			{
				"name": "DATA_I_623",
				"type": "INT32"
			},
			{
				"name": "DATA_I_625",
				"type": "INT32"
			},
			{
				"name": "NORMALIZATION_CHANNEL",
				"type": "UTF8"
			},
			{
				"name": "DATA_B_502",
				"type": "UTF8"
			},
			{
				"name": "DATA_B_503",
				"type": "UTF8"
			},
			{
				"name": "DEVICE_GROUND_SPEED",
				"type": "INT32"
			},
			{
				"name": "IS_BACKCOLORED",
				"type": "BOOLEAN"
			},
			{
				"name": "USER_NUM_SESSION_SIGNON_10_MN",
				"type": "INT32"
			},
			{
				"name": "USER_NUM_SESSION_SIGNON_30_MN",
				"type": "INT32"
			},
			{
				"name": "USER_NUM_SESSION_SIGNON_1_HR",
				"type": "INT32"
			},
			{
				"name": "USER_NUM_SESSION_SIGNON_4_HR",
				"type": "INT32"
			},
			{
				"name": "USER_NUM_SESSION_SIGNON_24_HR",
				"type": "INT32"
			},
			{
				"name": "USER_NUM_OF_ADD_PAYEE_10_MN",
				"type": "INT32"
			},
			{
				"name": "USER_NUM_OF_ADD_PAYEE_30_MN",
				"type": "INT32"
			},
			{
				"name": "USER_NUM_OF_ADD_PAYEE_1_HR",
				"type": "INT32"
			},
			{
				"name": "USER_NUM_OF_ADD_PAYEE_4_HR",
				"type": "INT32"
			},
			{
				"name": "USER_NUM_OF_ADD_PAYEE_24_HR",
				"type": "INT32"
			},
			{
				"name": "USER_NUM_OF_PAYMENTS_10_MN",
				"type": "INT32"
			},
			{
				"name": "USER_NUM_OF_PAYMENTS_30_MN",
				"type": "INT32"
			},
			{
				"name": "USER_NUM_OF_PAYMENTS_1_HR",
				"type": "INT32"
			},
			{
				"name": "USER_NUM_OF_PAYMENTS_4_HR",
				"type": "INT32"
			},
			{
				"name": "USER_NUM_OF_PAYMENTS_24_HR",
				"type": "INT32"
			},
			{
				"name": "USER_SUM_OF_PAYMENTS_10_MN",
				"type": "INT32"
			},
			{
				"name": "USER_SUM_OF_PAYMENTS_30_MN",
				"type": "INT32"
			},
			{
				"name": "USER_SUM_OF_PAYMENTS_1_HR",
				"type": "INT32"
			},
			{
				"name": "USER_SUM_OF_PAYMENTS_4_HR",
				"type": "INT32"
			},
			{
				"name": "USER_SUM_OF_PAYMENTS_24_HR",
				"type": "INT32"
			},
			{
				"name": "USER_PAYEE_PAYMENTS_SUM_10_MN",
				"type": "INT32"
			},
			{
				"name": "USER_PAYEE_PAYMENTS_SUM_30_MN",
				"type": "INT32"
			},
			{
				"name": "USER_PAYEE_PAYMENTS_SUM_1_HR",
				"type": "INT32"
			},
			{
				"name": "USER_PAYEE_PAYMENTS_SUM_4_HR",
				"type": "INT32"
			},
			{
				"name": "USER_PAYEE_PAYMENTS_SUM_24_HR",
				"type": "INT32"
			},
			{
				"name": "DATA_I_188",
				"type": "INT32"
			},
			{
				"name": "DATA_I_189",
				"type": "INT32"
			},
			{
				"name": "DATA_I_190",
				"type": "INT32"
			},
			{
				"name": "PAYEE_NUM_DIFF_USER_10MN",
				"type": "INT32"
			},
			{
				"name": "PAYEE_NUM_DIFF_USER_30MN",
				"type": "INT32"
			},
			{
				"name": "PAYEE_NUM_DIFF_USER_1H",
				"type": "INT32"
			},
			{
				"name": "PAYEE_NUM_DIFF_USER_4H",
				"type": "INT32"
			},
			{
				"name": "PAYEE_NUM_DIFF_USER_24H",
				"type": "INT32"
			},
			{
				"name": "PAYEE_ACC_NUM_PAYMENTS_10MN",
				"type": "INT32"
			},
			{
				"name": "PAYEE_ACC_NUM_PAYMENTS_30MN",
				"type": "INT32"
			},
			{
				"name": "PAYEE_ACC_NUM_PAYMENTS_1H",
				"type": "INT32"
			},
			{
				"name": "PAYEE_ACC_NUM_PAYMENTS_4H",
				"type": "INT32"
			},
			{
				"name": "PAYEE_ACC_NUM_PAYMENTS_24H",
				"type": "INT32"
			},
			{
				"name": "PAYEE_AGE",
				"type": "UTF8"
			},
			{
				"name": "USER_DEVICE_VELOCITY_10M",
				"type": "INT32"
			},
			{
				"name": "USER_DEVICE_VELOCITY_30M",
				"type": "INT32"
			},
			{
				"name": "USER_DEVICE_VELOCITY_1H",
				"type": "INT32"
			},
			{
				"name": "USER_DEVICE_VELOCITY_1D",
				"type": "INT32"
			},
			{
				"name": "PAYEE_ACC_SUM_PAYMENTS_10M",
				"type": "INT32"
			},
			{
				"name": "PAYEE_ACC_SUM_PAYMENTS_30M",
				"type": "INT32"
			},
			{
				"name": "PAYEE_ACC_SUM_PAYMENTS_1H",
				"type": "INT32"
			},
			{
				"name": "PAYEE_ACC_SUM_PAYMENTS_4H",
				"type": "INT32"
			},
			{
				"name": "PAYEE_ACC_SUM_PAYMENTS_24H",
				"type": "INT32"
			},
			{
				"name": "DATA_I_646",
				"type": "INT32"
			},
			{
				"name": "PAYEE_PAYMENTS_NUM_1D",
				"type": "INT32"
			},
			{
				"name": "PAYEE_PAYMENTS_NUM_LAST_7D",
				"type": "INT32"
			},
			{
				"name": "PAYEE_PAYMENT_GROWTH_1D_TO_7D",
				"type": "INT32"
			},
			{
				"name": "IS_ON_ACTIVE_CALL",
				"type": "UTF8"
			},
			{
				"name": "CHALLENGE_SUCCESSFUL",
				"type": "UTF8"
			},
			{
				"name": "EVENT_ID",
				"type": "UTF8"
			},
			{
				"name": "IS_SCA",
				"type": "UTF8"
			},
			{
				"name": "RESOLUTION",
				"type": "UTF8"
			},
			{
				"name": "RESOLUTION_CONF_LEVEL",
				"type": "INT64"
			},
			{
				"name": "IS_FRAUD_SUSPECT",
				"type": "UTF8"
			},
			{
				"name": "RESOLUTION_DATE",
				"type": "INT96"
			},
			{
				"name": "FLAGGED",
				"type": "UTF8"
			},
			{
				"name": "LAST_AUTH_METHOD_DATA",
				"type": "UTF8"
			},
			{
				"name": "BC_PRELIMINARY_SCORE",
				"type": "INT64"
			},
			{
				"name": "BC_REASON_LIST",
				"type": "UTF8"
			},
			{
				"name": "LAST_AUTH_METHOD_USED",
				"type": "UTF8"
			},
			{
				"name": "BC_RISK_SCORE",
				"type": "INT64"
			},
			{
				"name": "SCAM_MARKED",
				"type": "UTF8"
			},
			{
				"name": "BC_LAST_UPDATED",
				"type": "INT96"
			},
			{
				"name": "EVENT_TIME",
				"type": "INT96"
			},
			{
				"name": "BC_FLAGGED",
				"type": "UTF8"
			},
			{
				"name": "COLOR_LEVEL",
				"type": "INT64"
			},
			{
				"name": "LASTMODIFIED",
				"type": "INT96"
			},
			{
				"name": "ETL_LAST_UPDATE_DATE",
				"type": "INT96"
			},
			{
				"name": "year",
				"type": "INT32"
			},
			{
				"name": "month",
				"type": "INT32"
			},
			{
				"name": "day",
				"type": "INT32"
			},
			{
				"name": "hour",
				"type": "INT32"
			}
		]
	}
}