{
	"name": "aaeuw-eur1a-database-windows-net-dwh-ro-access",
	"type": "Microsoft.Synapse/workspaces/linkedservices",
	"properties": {
		"annotations": [],
		"type": "AzureSqlDatabase",
		"typeProperties": {
			"connectionString": "Integrated Security=False;Encrypt=True;Connection Timeout=30;Data Source=aaeuw-eur1a.database.windows.net;Initial Catalog=rsa_aa;User ID=dwh_ro_access",
			"password": {
				"type": "AzureKeyVaultSecret",
				"store": {
					"referenceName": "odwprod-kv-westeurope",
					"type": "LinkedServiceReference"
				},
				"secretName": "prod-westeurope-online-db-dwh-ro-access"
			}
		},
		"connectVia": {
			"referenceName": "LocalSequentialRuntime",
			"type": "IntegrationRuntimeReference"
		}
	}
}