{
	"name": "LocalSynapseServerless",
	"type": "Microsoft.Synapse/workspaces/linkedservices",
	"properties": {
		"parameters": {
			"DBName": {
				"type": "String"
			}
		},
		"annotations": [],
		"type": "AzureSqlDW",
		"typeProperties": {
			"connectionString": "Integrated Security=False;Encrypt=True;Connection Timeout=30;Data Source=odwprod-westeurope-ondemand.sql.azuresynapse.net;Initial Catalog=@{linkedService().DBName}"
		},
		"connectVia": {
			"referenceName": "LocalSequentialRuntime",
			"type": "IntegrationRuntimeReference"
		}
	}
}