{
	"name": "FMC_PM_TABLES_DRAGONFLY",
	"properties": {
		"annotations": [],
		"runtimeState": "Started",
		"pipelines": [
			{
				"pipelineReference": {
					"referenceName": "FMC_PM_TABLES_B",
					"type": "PipelineReference"
				},
				"parameters": {
					"tenant": "dragonfly",
					"date": " "
				}
			}
		],
		"type": "ScheduleTrigger",
		"typeProperties": {
			"recurrence": {
				"frequency": "Hour",
				"interval": 24,
				"startTime": "2024-01-01T02:00:00",
				"timeZone": "GMT Standard Time"
			}
		}
	}
}