{
	"name": "T2_WEB_PM_RULE",
	"properties": {
		"annotations": [],
		"runtimeState": "Started",
		"pipelines": [
			{
				"pipelineReference": {
					"referenceName": "T2_WEB_PM_RULE",
					"type": "PipelineReference"
				},
				"parameters": {
					"start_date": " "
				}
			}
		],
		"type": "ScheduleTrigger",
		"typeProperties": {
			"recurrence": {
				"frequency": "Hour",
				"interval": 24,
				"startTime": "2024-01-01T14:00:00",
				"timeZone": "GMT Standard Time"
			}
		}
	}
}