{
	"name": "T3_DAILY_REPORT",
	"properties": {
		"annotations": [],
		"runtimeState": "Stopped",
		"pipelines": [
			{
				"pipelineReference": {
					"referenceName": "T3_DAILY_REPORT",
					"type": "PipelineReference"
				},
				"parameters": {
					"date": " ",
					"tenant": "*"
				}
			}
		],
		"type": "ScheduleTrigger",
		"typeProperties": {
			"recurrence": {
				"frequency": "Hour",
				"interval": 24,
				"startTime": "2025-04-22T20:00:00",
				"timeZone": "India Standard Time"
			}
		}
	}
}