{
	"name": "T3_FMC_ANALYTICS",
	"properties": {
		"annotations": [],
		"runtimeState": "Started",
		"pipelines": [
			{
				"pipelineReference": {
					"referenceName": "T3_FMC_ANALYTICS",
					"type": "PipelineReference"
				},
				"parameters": {
					"tenants": [
						"amba",
						"bairdonline",
						"bcbssc1",
						"bcpbmay",
						"becu",
						"ealg",
						"ebcp",
						"ebnb",
						"ebnr",
						"eclg",
						"ecmrr",
						"edhi",
						"eecb",
						"efmh",
						"emrs",
						"enap",
						"enyl",
						"ephp",
						"eubcp",
						"evlu",
						"firstcitizens",
						"gte",
						"johnhancock",
						"macro",
						"mercer",
						"nationwide",
						"pfcu",
						"ris",
						"sanmex",
						"schoolsfirstfcu",
						"troweprice",
						"wirecard",
						"bendigo",
						"bpdo",
						"bpidcgrdp",
						"eboq",
						"efif",
						"ejhnp",
						"emac",
						"etrp",
						"eusaa"
					],
					"date": " "
				}
			}
		],
		"type": "ScheduleTrigger",
		"typeProperties": {
			"recurrence": {
				"frequency": "Hour",
				"interval": 24,
				"startTime": "2024-01-01T20:00:00",
				"timeZone": "GMT Standard Time"
			}
		}
	}
}