{
	"name": "LocalSequentialRuntime-b",
	"properties": {
		"type": "Managed",
		"typeProperties": {
			"computeProperties": {
				"location": "East US",
				"dataFlowProperties": {
					"computeType": "General",
					"coreCount": 8,
					"timeToLive": 10,
					"cleanup": false,
					"customProperties": []
				},
				"copyComputeScaleProperties": {
					"dataIntegrationUnit": 4,
					"timeToLive": 5
				},
				"pipelineExternalComputeScaleProperties": {
					"timeToLive": 5,
					"numberOfPipelineNodes": 1,
					"numberOfExternalNodes": 1
				}
			}
		},
		"managedVirtualNetwork": {
			"type": "ManagedVirtualNetworkReference",
			"referenceName": "default"
		}
	}
}