{
	"name": "UPDATE_EVENT_LOG",
	"properties": {
		"annotations": [],
		"runtimeState": "Started",
		"pipelines": [
			{
				"pipelineReference": {
					"referenceName": "UPDATE_EVENT_LOG",
					"type": "PipelineReference"
				},
				"parameters": {
					"tenants": ["egl", "elbn", "ensi", "enstf", "esab", "eshd", "wealthnavi"],
					"date": " "
				}
			}
		],
		"type": "ScheduleTrigger",
		"typeProperties": {
			"recurrence": {
				"frequency": "Hour",
				"interval": 24,
				"startTime": "2024-01-01T12:00:00",
				"timeZone": "GMT Standard Time"
			}
		}
	}
}