{
	"$schema": "http://schema.management.azure.com/schemas/2015-01-01/deploymentTemplate.json#",
	"contentVersion": "1.0.0.0",
	"parameters": {
		"workspaceName": {
			"type": "string",
			"metadata": "Workspace name",
			"defaultValue": "odwprodus-eastus"
		},
		"fmc-prod-cus-a-DWH-RO-Access": {
			"type": "string"
		},
		"LocalLakeStorage": {
			"type": "string"
		}
	},
	"variables": {
		"workspaceId": "[concat('Microsoft.Synapse/workspaces/', parameters('workspaceName'))]"
	},
	"resources": [
		{
			"name": "[concat(parameters('workspaceName'), '/Outer pipeline')]",
			"type": "Microsoft.Synapse/workspaces/pipelines",
			"apiVersion": "2019-06-01-preview",
			"properties": {
				"activities": [
					{
						"name": "Generate Tenant Array",
						"type": "SetVariable",
						"dependsOn": [],
						"policy": {
							"secureOutput": false,
							"secureInput": false
						},
						"userProperties": [],
						"typeProperties": {
							"variableName": "tenantarray",
							"value": [
								"amba",
								"bairdonline",
								"bcbssc1",
								"bcpbmay",
								"becu",
								"ealg",
								"ebcp",
								"ebnb",
								"ebnr",
								"eclg",
								"ecmrr",
								"edhi",
								"eecb",
								"efmh",
								"emrs",
								"enap",
								"enyl",
								"ephp",
								"eubcp",
								"evlu",
								"firstcitizens",
								"gte",
								"johnhancock",
								"macro",
								"mercer",
								"nationwide",
								"pfcu",
								"ris",
								"sanmex",
								"schoolsfirstfcu",
								"troweprice"
							]
						}
					},
					{
						"name": "ForEach1",
						"type": "ForEach",
						"dependsOn": [
							{
								"activity": "Generate Tenant Array",
								"dependencyConditions": [
									"Succeeded"
								]
							}
						],
						"userProperties": [],
						"typeProperties": {
							"items": {
								"value": "@variables('tenantarray')",
								"type": "Expression"
							},
							"isSequential": false,
							"activities": [
								{
									"name": "Execute Pipeline1",
									"type": "ExecutePipeline",
									"dependsOn": [
										{
											"activity": "Set variable for tenant",
											"dependencyConditions": [
												"Succeeded"
											]
										}
									],
									"policy": {
										"secureInput": false
									},
									"userProperties": [],
									"typeProperties": {
										"pipeline": {
											"referenceName": "FMC_DB_A_copy1",
											"type": "PipelineReference"
										},
										"waitOnCompletion": true,
										"parameters": {
											"tenant": {
												"value": "@item()",
												"type": "Expression"
											}
										}
									}
								},
								{
									"name": "Set variable for tenant",
									"type": "SetVariable",
									"dependsOn": [],
									"policy": {
										"secureOutput": false,
										"secureInput": false
									},
									"userProperties": [],
									"typeProperties": {
										"variableName": "tenant",
										"value": {
											"value": "@item()",
											"type": "Expression"
										}
									}
								}
							]
						}
					}
				],
				"variables": {
					"tenantarray": {
						"type": "Array"
					},
					"tenant": {
						"type": "String"
					}
				},
				"annotations": []
			},
			"dependsOn": [
				"[concat(variables('workspaceId'), '/pipelines/FMC_DB_A_copy1')]"
			]
		},
		{
			"name": "[concat(parameters('workspaceName'), '/FMC_DB_A_copy1')]",
			"type": "Microsoft.Synapse/workspaces/pipelines",
			"apiVersion": "2019-06-01-preview",
			"properties": {
				"activities": [
					{
						"name": "Generate Date Array",
						"type": "SetVariable",
						"dependsOn": [],
						"policy": {
							"secureOutput": false,
							"secureInput": false
						},
						"userProperties": [],
						"typeProperties": {
							"variableName": "dateArray",
							"value": [
								"2024-04-30",
								"2024-05-01",
								"2024-05-02",
								"2024-05-03",
								"2024-05-04",
								"2024-05-05",
								"2024-05-06",
								"2024-05-07",
								"2024-05-08",
								"2024-05-09",
								"2024-05-10",
								"2024-05-11",
								"2024-05-12",
								"2024-05-13",
								"2024-05-14",
								"2024-05-15",
								"2024-05-16",
								"2024-05-17",
								"2024-05-18",
								"2024-05-19",
								"2024-05-20",
								"2024-05-21",
								"2024-05-22",
								"2024-05-23",
								"2024-05-24",
								"2024-05-25",
								"2024-05-26",
								"2024-05-27",
								"2024-05-28",
								"2024-05-29",
								"2024-05-30",
								"2024-05-31",
								"2024-06-01",
								"2024-06-02",
								"2024-06-03",
								"2024-06-04",
								"2024-06-05",
								"2024-06-06",
								"2024-06-07",
								"2024-06-08",
								"2024-06-09",
								"2024-06-10",
								"2024-06-11",
								"2024-06-12",
								"2024-06-13",
								"2024-06-14",
								"2024-06-15",
								"2024-06-16",
								"2024-06-17",
								"2024-06-18",
								"2024-06-19",
								"2024-06-20",
								"2024-06-21",
								"2024-06-22",
								"2024-06-23",
								"2024-06-24",
								"2024-06-25",
								"2024-06-26",
								"2024-06-27",
								"2024-06-28",
								"2024-06-29",
								"2024-06-30",
								"2024-07-01",
								"2024-07-02",
								"2024-07-03",
								"2024-07-04",
								"2024-07-05",
								"2024-07-06",
								"2024-07-07",
								"2024-07-08",
								"2024-07-09",
								"2024-07-10",
								"2024-07-11",
								"2024-07-12",
								"2024-07-13",
								"2024-07-14",
								"2024-07-15",
								"2024-07-16",
								"2024-07-17",
								"2024-07-18",
								"2024-07-19",
								"2024-07-20",
								"2024-07-21",
								"2024-07-22",
								"2024-07-23",
								"2024-07-24",
								"2024-07-25",
								"2024-07-26",
								"2024-07-27",
								"2024-07-28",
								"2024-07-29",
								"2024-07-30",
								"2024-07-31",
								"2024-08-01",
								"2024-08-02",
								"2024-08-03",
								"2024-08-04",
								"2024-08-05",
								"2024-08-06",
								"2024-08-07",
								"2024-08-08",
								"2024-08-09",
								"2024-08-10",
								"2024-08-11",
								"2024-08-12",
								"2024-08-13",
								"2024-08-14",
								"2024-08-15",
								"2024-08-16",
								"2024-08-17",
								"2024-08-18",
								"2024-08-19",
								"2024-08-20",
								"2024-08-21",
								"2024-08-22",
								"2024-08-23",
								"2024-08-24",
								"2024-08-25",
								"2024-08-26",
								"2024-08-27",
								"2024-08-28",
								"2024-08-29",
								"2024-08-30",
								"2024-08-31",
								"2024-09-01",
								"2024-09-02",
								"2024-09-03",
								"2024-09-04",
								"2024-09-05",
								"2024-09-06",
								"2024-09-07",
								"2024-09-08",
								"2024-09-09",
								"2024-09-10",
								"2024-09-11",
								"2024-09-12",
								"2024-09-13",
								"2024-09-14",
								"2024-09-15",
								"2024-09-16",
								"2024-09-17",
								"2024-09-18",
								"2024-09-19",
								"2024-09-20",
								"2024-09-21",
								"2024-09-22",
								"2024-09-23",
								"2024-09-24",
								"2024-09-25",
								"2024-09-26",
								"2024-09-27",
								"2024-09-28",
								"2024-09-29",
								"2024-09-30",
								"2024-10-01",
								"2024-10-02",
								"2024-10-03",
								"2024-10-04",
								"2024-10-05",
								"2024-10-06",
								"2024-10-07",
								"2024-10-08",
								"2024-10-09",
								"2024-10-10",
								"2024-10-11",
								"2024-10-12",
								"2024-10-13",
								"2024-10-14",
								"2024-10-15",
								"2024-10-16",
								"2024-10-17",
								"2024-10-18",
								"2024-10-19",
								"2024-10-20",
								"2024-10-21",
								"2024-10-22",
								"2024-10-23",
								"2024-10-24",
								"2024-10-25",
								"2024-10-26",
								"2024-10-27",
								"2024-10-28",
								"2024-10-29",
								"2024-10-30",
								"2024-10-31",
								"2024-11-01",
								"2024-11-02",
								"2024-11-03",
								"2024-11-04",
								"2024-11-05",
								"2024-11-06",
								"2024-11-07",
								"2024-11-08",
								"2024-11-09",
								"2024-11-10",
								"2024-11-11",
								"2024-11-12",
								"2024-11-13",
								"2024-11-14",
								"2024-11-15",
								"2024-11-16",
								"2024-11-17",
								"2024-11-18",
								"2024-11-19",
								"2024-11-20",
								"2024-11-21",
								"2024-11-22",
								"2024-11-23",
								"2024-11-24",
								"2024-11-25",
								"2024-11-26",
								"2024-11-27",
								"2024-11-28",
								"2024-11-29",
								"2024-11-30",
								"2024-12-01",
								"2024-12-02",
								"2024-12-03",
								"2024-12-04",
								"2024-12-05",
								"2024-12-06",
								"2024-12-07",
								"2024-12-08",
								"2024-12-09",
								"2024-12-10",
								"2024-12-11",
								"2024-12-12",
								"2024-12-13",
								"2024-12-14",
								"2024-12-15",
								"2024-12-16",
								"2024-12-17",
								"2024-12-18",
								"2024-12-19",
								"2024-12-20",
								"2024-12-21",
								"2024-12-22",
								"2024-12-23",
								"2024-12-24",
								"2024-12-25",
								"2024-12-26",
								"2024-12-27",
								"2024-12-28",
								"2024-12-29",
								"2024-12-30",
								"2024-12-31",
								"2025-01-01",
								"2025-01-02",
								"2025-01-03",
								"2025-01-04",
								"2025-01-05",
								"2025-01-06",
								"2025-01-07",
								"2025-01-08",
								"2025-01-09",
								"2025-01-10",
								"2025-01-11",
								"2025-01-12",
								"2025-01-13",
								"2025-01-14",
								"2025-01-15",
								"2025-01-16",
								"2025-01-17",
								"2025-01-18",
								"2025-01-19",
								"2025-01-20",
								"2025-01-21",
								"2025-01-22",
								"2025-01-23",
								"2025-01-24",
								"2025-01-25",
								"2025-01-26",
								"2025-01-27",
								"2025-01-28",
								"2025-01-29",
								"2025-01-30",
								"2025-01-31",
								"2025-02-01",
								"2025-02-02",
								"2025-02-03",
								"2025-02-04",
								"2025-02-05",
								"2025-02-06",
								"2025-02-07",
								"2025-02-08",
								"2025-02-09",
								"2025-02-10",
								"2025-02-11",
								"2025-02-12",
								"2025-02-13",
								"2025-02-14",
								"2025-02-15",
								"2025-02-16",
								"2025-02-17",
								"2025-02-18",
								"2025-02-19",
								"2025-02-20",
								"2025-02-21",
								"2025-02-22",
								"2025-02-23",
								"2025-02-24",
								"2025-02-25",
								"2025-02-26",
								"2025-02-27",
								"2025-02-28",
								"2025-03-01",
								"2025-03-02",
								"2025-03-03",
								"2025-03-04",
								"2025-03-05",
								"2025-03-06",
								"2025-03-07",
								"2025-03-08",
								"2025-03-09",
								"2025-03-10",
								"2025-03-11",
								"2025-03-12",
								"2025-03-13",
								"2025-03-14",
								"2025-03-15",
								"2025-03-16",
								"2025-03-17",
								"2025-03-18",
								"2025-03-19",
								"2025-03-20",
								"2025-03-21",
								"2025-03-22",
								"2025-03-23",
								"2025-03-24",
								"2025-03-25",
								"2025-03-26",
								"2025-03-27",
								"2025-03-28",
								"2025-03-29",
								"2025-03-30",
								"2025-03-31",
								"2025-04-01",
								"2025-04-02",
								"2025-04-03",
								"2025-04-04",
								"2025-04-05",
								"2025-04-06",
								"2025-04-07",
								"2025-04-08",
								"2025-04-09",
								"2025-04-10",
								"2025-04-11",
								"2025-04-12",
								"2025-04-13",
								"2025-04-14",
								"2025-04-15",
								"2025-04-16",
								"2025-04-17",
								"2025-04-18",
								"2025-04-19",
								"2025-04-20",
								"2025-04-21",
								"2025-04-22",
								"2025-04-23",
								"2025-04-24",
								"2025-04-25",
								"2025-04-26",
								"2025-04-27",
								"2025-04-28",
								"2025-04-29",
								"2025-04-30"
							]
						}
					},
					{
						"name": "ForEach1",
						"type": "ForEach",
						"dependsOn": [
							{
								"activity": "Generate Date Array",
								"dependencyConditions": [
									"Succeeded"
								]
							}
						],
						"userProperties": [],
						"typeProperties": {
							"items": {
								"value": "@variables('dateArray')",
								"type": "Expression"
							},
							"activities": [
								{
									"name": "BILLING_TRANSACTION",
									"type": "Copy",
									"dependsOn": [
										{
											"activity": "Set variable for date",
											"dependencyConditions": [
												"Succeeded"
											]
										}
									],
									"policy": {
										"timeout": "0.02:00:00",
										"retry": 0,
										"retryIntervalInSeconds": 300,
										"secureOutput": false,
										"secureInput": false
									},
									"userProperties": [],
									"typeProperties": {
										"source": {
											"type": "SqlServerSource",
											"sqlReaderQuery": {
												"value": "@concat('SELECT *  FROM billing_transaction with (nolock)  WHERE CAST(sys_creation_date as date) =''', replace(item(), '-', ''), '''')",
												"type": "Expression"
											},
											"queryTimeout": "02:00:00",
											"partitionOption": "None"
										},
										"sink": {
											"type": "ParquetSink",
											"storeSettings": {
												"type": "AzureBlobFSWriteSettings"
											},
											"formatSettings": {
												"type": "ParquetWriteSettings"
											}
										},
										"enableStaging": false
									},
									"inputs": [
										{
											"referenceName": "SQL_Server_Database_a",
											"type": "DatasetReference",
											"parameters": {
												"database": {
													"value": "@concat('rsa_reports_',pipeline().parameters.tenant)",
													"type": "Expression"
												}
											}
										}
									],
									"outputs": [
										{
											"referenceName": "Parquet",
											"type": "DatasetReference",
											"parameters": {
												"date": {
													"value": "@item()",
													"type": "Expression"
												},
												"tenant": {
													"value": "@pipeline().parameters.tenant",
													"type": "Expression"
												},
												"table": "billing_transaction",
												"container": "t1-fmc"
											}
										}
									]
								},
								{
									"name": "Set variable for date",
									"type": "SetVariable",
									"dependsOn": [],
									"policy": {
										"secureOutput": false,
										"secureInput": false
									},
									"userProperties": [],
									"typeProperties": {
										"variableName": "date",
										"value": {
											"value": "@item()",
											"type": "Expression"
										}
									}
								}
							]
						}
					}
				],
				"concurrency": 3,
				"parameters": {
					"tenant": {
						"type": "string",
						"defaultValue": "@variables('tenant')"
					}
				},
				"variables": {
					"date": {
						"type": "String"
					},
					"startDate": {
						"type": "String"
					},
					"endDate": {
						"type": "String"
					},
					"dateArray": {
						"type": "Array"
					},
					"nextDate": {
						"type": "String"
					},
					"tenanatarray": {
						"type": "Array"
					}
				},
				"annotations": [],
				"lastPublishTime": "2025-01-09T07:36:26Z"
			},
			"dependsOn": [
				"[concat(variables('workspaceId'), '/datasets/SQL_Server_Database_a')]",
				"[concat(variables('workspaceId'), '/datasets/Parquet')]"
			]
		},
		{
			"name": "[concat(parameters('workspaceName'), '/SQL_Server_Database_a')]",
			"type": "Microsoft.Synapse/workspaces/datasets",
			"apiVersion": "2019-06-01-preview",
			"properties": {
				"linkedServiceName": {
					"referenceName": "[parameters('fmc-prod-cus-a-DWH-RO-Access')]",
					"type": "LinkedServiceReference",
					"parameters": {
						"database": {
							"value": "@dataset().database",
							"type": "Expression"
						}
					}
				},
				"parameters": {
					"database": {
						"type": "String"
					}
				},
				"annotations": [],
				"type": "SqlServerTable"
			},
			"dependsOn": []
		},
		{
			"name": "[concat(parameters('workspaceName'), '/Parquet')]",
			"type": "Microsoft.Synapse/workspaces/datasets",
			"apiVersion": "2019-06-01-preview",
			"properties": {
				"linkedServiceName": {
					"referenceName": "[parameters('LocalLakeStorage')]",
					"type": "LinkedServiceReference"
				},
				"parameters": {
					"date": {
						"type": "string"
					},
					"tenant": {
						"type": "String"
					},
					"table": {
						"type": "String"
					},
					"container": {
						"type": "String"
					}
				},
				"annotations": [],
				"type": "Parquet",
				"typeProperties": {
					"location": {
						"type": "AzureBlobFSLocation",
						"folderPath": {
							"value": "@concat(dataset().table,'/tenant=',dataset().tenant,'/date=',dataset().date)",
							"type": "Expression"
						},
						"fileSystem": {
							"value": "@dataset().container",
							"type": "Expression"
						}
					},
					"compressionCodec": "snappy"
				},
				"schema": []
			},
			"dependsOn": []
		},
		{
			"name": "[concat(parameters('workspaceName'), '/default')]",
			"type": "Microsoft.Synapse/workspaces/managedVirtualNetworks",
			"apiVersion": "2019-06-01-preview",
			"dependsOn": []
		}
	]
}