{
	"name": "itg-itg1a-database-windows-net-rsa-admin",
    "type": "Microsoft.Synapse/workspaces/linkedservices",
	"properties": {
		"annotations": [],
		"type": "AzureSqlDatabase",
		"typeProperties": {
			"connectionString": "Integrated Security=False;Encrypt=True;Connection Timeout=30;Data Source=itg-itg1a.database.windows.net;Initial Catalog=rsa_aa;User ID=rsa-admin",
			"password": {
				"type": "AzureKeyVaultSecret",
				"store": {
					"referenceName": "dwuat-kv-eastus",
					"type": "LinkedServiceReference"
				},
				"secretName": "itg-online-pass"
			}
		},
		"connectVia": {
			"referenceName": "LocalSequentialRuntime",
			"type": "IntegrationRuntimeReference"
		}
	}
}