{
	"name": "sftp-fmop-server",
	"type": "Microsoft.Synapse/workspaces/linkedservices",
	"properties": {
		"annotations": [],
		"type": "Sftp",
		"typeProperties": {
            "host": "some-ftp.outseer.com",
            "port": 22,
			"skipHostKeyValidation": true,
            "authenticationType": "Basic",
            "userName": "nekraa",
            "password": {
                    "type": "AzureKeyVaultSecret",
                    "secretName": "fmop-sftp-password",
                    "store":{
                        "referenceName": "dwuat-kv-eastus",
                        "type": "LinkedServiceReference"
                    }
                }
        },
		"connectVia": {
			"referenceName": "LocalSequentialRuntime",
			"type": "IntegrationRuntimeReference"
		}
	}
}