{
	"name": "T2_3DS_NABP",
	"properties": {
		"annotations": [],
		"runtimeState": "Started",
		"pipelines": [
			{
				"pipelineReference": {
					"referenceName": "UPDATE_TRANSACTION_DETAILS",
					"type": "PipelineReference"
				},
				"parameters": {
					"tenant": "nabp"
				}
			}
		],
		"type": "ScheduleTrigger",
		"typeProperties": {
			"recurrence": {
				"frequency": "Day",
				"interval": 1,
				"startTime": "2024-11-28T05:49:00",
				"timeZone": "Israel Standard Time",
				"schedule": {
					"minutes": [
						30
					],
					"hours": [
						12
					]
				}
			}
		}
	}
}