{
	"name": "UPDATE_EVENT_LOG_SPARK",
	"properties": {
		"annotations": [],
		"runtimeState": "Started",
		"pipelines": [
			{
				"pipelineReference": {
					"referenceName": "UPDATE_EVENT_LOG_SPARK",
					"type": "PipelineReference"
				},
				"parameters": {
					"date": " ",
					"tenant": "*"
				}
			}
		],
		"type": "ScheduleTrigger",
		"typeProperties": {
			"recurrence": {
				"frequency": "Hour",
				"interval": 24,
				"startTime": "2024-01-02T17:30:00",
				"timeZone": "India Standard Time"
			}
		}
	}
}