{
    "$schema": "https://schema.management.azure.com/schemas/2019-04-01/deploymentParameters.json#",
    "contentVersion": "1.0.0.0",
    "parameters": {
      "privateDnsZoneName": {
        "value": "privatelink.sql.azuresynapse.net"
      },
      "vnetLinkName": {
        "value": "gdw-analytics-eastus"
      },
      "AnalyticsVnetId": {
        "value": "/subscriptions/ecf39190-2481-46e5-8948-1dda51203dec/resourceGroups/gdw-analytics-eastus-rg/providers/Microsoft.Network/virtualNetworks/gdw-analytics-eastus"
      }
    }
  }