{
	"name": "T3_FMC_ANALYTICS",
	"properties": {
		"activities": [
			{
				"name": "Set Date",
				"description": "Use parameter if provided, otherwise use current date",
				"type": "SetVariable",
				"dependsOn": [],
				"policy": {
					"secureOutput": false,
					"secureInput": false
				},
				"userProperties": [],
				"typeProperties": {
					"variableName": "date",
					"value": {
						"value": "@if(greater(length(trim(pipeline().parameters.date)),4),pipeline().parameters.date,formatDateTime(adddays(pipeline().TriggerTime, -1), 'yyyy-MM-dd'))",
						"type": "Expression"
					}
				}
			},
			{
				"name": "Tenant",
				"type": "ForEach",
				"dependsOn": [
					{
						"activity": "Set Date",
						"dependencyConditions": [
							"Succeeded"
						]
					}
				],
				"userProperties": [],
				"typeProperties": {
					"items": {
						"value": "@pipeline().parameters.tenants",
						"type": "Expression"
					},
					"activities": [
						{
							"name": "Transaction Report",
							"type": "Copy",
							"dependsOn": [],
							"policy": {
								"timeout": "0.03:00:00",
								"retry": 1,
								"retryIntervalInSeconds": 300,
								"secureOutput": false,
								"secureInput": false
							},
							"userProperties": [],
							"typeProperties": {
								"source": {
									"type": "SqlDWSource",
									"sqlReaderQuery": {
										"value": "@concat('select \n PARTITION_TENANT,\n PARTITION_DATE,\n DATEPART(HOUR, [SYS_CREATION_DATE]) as HOUR,\nORG_ID,\nEVENT_TYPE,\nUSER_DEFINED_EVENT_TYPE,\nCHANNEL_INDICATOR,\nDATA_S_76 as MOBILE_CHANNEL,\nPOLICY_ACTION,\nCHALLENGE_AUTH_METHOD,\nFLAGGED,\nCHALLENGE_SUCCESSFUL,\nIP_COUNTRY,\ncount(*) as COUNT,\nAVG(CAST(AMOUNT_USD AS FLOAT)) as AVG_USD,\nAVG(CAST(AMOUNT_ORIGINAL AS FLOAT)) as AVG_ORIGINAL_CURRENCY,\nSUM(CAST(AMOUNT_USD AS FLOAT)) as TOTAL_USD,\nSUM(CAST(AMOUNT_ORIGINAL AS FLOAT)) as TOTAL_ORIGINAL_CURRENCY,\nMAX(CAST(AMOUNT_USD AS FLOAT)) as MAX_USD,\nMAX(CAST(AMOUNT_ORIGINAL AS FLOAT)) as MAX_ORIGINAL_CURRENCY,\nMIN(CAST(AMOUNT_USD AS FLOAT)) as MIN_USD,\nMIN(CAST(AMOUNT_ORIGINAL AS FLOAT)) as MIN_ORIGINAL_CURRENCY,\nAMOUNT_CURRENCY\nfrom FMC_T1.EVENT_LOG_V where PARTITION_TENANT = ''',item(),''' and PARTITION_DATE = ''',variables('date'),'''\ngroup by PARTITION_TENANT, PARTITION_DATE,DATEPART(HOUR, [SYS_CREATION_DATE]), ORG_ID, EVENT_TYPE, USER_DEFINED_EVENT_TYPE, CHANNEL_INDICATOR, DATA_S_76, POLICY_ACTION, CHALLENGE_AUTH_METHOD, FLAGGED, CHALLENGE_SUCCESSFUL, IP_COUNTRY, AMOUNT_CURRENCY\n')",
										"type": "Expression"
									},
									"queryTimeout": "02:00:00",
									"partitionOption": "None"
								},
								"sink": {
									"type": "ParquetSink",
									"storeSettings": {
										"type": "AzureBlobFSWriteSettings"
									},
									"formatSettings": {
										"type": "ParquetWriteSettings"
									}
								},
								"enableStaging": false,
								"translator": {
									"type": "TabularTranslator",
									"typeConversion": true,
									"typeConversionSettings": {
										"allowDataTruncation": true,
										"treatBooleanAsNumber": false
									}
								}
							},
							"inputs": [
								{
									"referenceName": "LocalSynapse",
									"type": "DatasetReference",
									"parameters": {
										"DBName": "FMC_T1"
									}
								}
							],
							"outputs": [
								{
									"referenceName": "Parquet",
									"type": "DatasetReference",
									"parameters": {
										"date": {
											"value": "@variables('date')",
											"type": "Expression"
										},
										"tenant": {
											"value": "@item()",
											"type": "Expression"
										},
										"table": "transaction",
										"container": "t3-fmc-analytics"
									}
								}
							]
						}
					]
				}
			}
		],
		"parameters": {
			"date": {
				"type": "String"
			},
			"tenants": {
				"type": "Array",
				"defaultValue": []
			}
		},
		"variables": {
			"date": {
				"type": "String"
			}
		},
		"annotations": [],
		"lastPublishTime": "2024-04-12T13:16:49Z"
	},
	"type": "Microsoft.Synapse/workspaces/pipelines"
}