{
	"name": "UPDATE_EVENT_LOG",
	"properties": {
		"activities": [
			{
				"name": "Set date",
				"type": "SetVariable",
				"dependsOn": [],
				"policy": {
					"secureOutput": false,
					"secureInput": false
				},
				"userProperties": [],
				"typeProperties": {
					"variableName": "date",
					"value": {
						"value": "@if(greater(length(trim(pipeline().parameters.date)),4),pipeline().parameters.date,formatDateTime(addDays(pipeline().TriggerTime, pipeline().parameters.lag), 'yyyy-MM-dd'))",
						"type": "Expression"
					}
				}
			},
			{
				"name": "Tenant",
				"type": "ForEach",
				"dependsOn": [
					{
						"activity": "Set date",
						"dependencyConditions": [
							"Succeeded"
						]
					}
				],
				"userProperties": [],
				"typeProperties": {
					"items": {
						"value": "@pipeline().parameters.tenants",
						"type": "Expression"
					},
					"activities": [
						{
							"name": "Update event log",
							"type": "Copy",
							"dependsOn": [],
							"policy": {
								"timeout": "0.12:00:00",
								"retry": 0,
								"retryIntervalInSeconds": 30,
								"secureOutput": false,
								"secureInput": false
							},
							"userProperties": [],
							"typeProperties": {
								"source": {
									"type": "SqlDWSource",
									"sqlReaderStoredProcedureName": "FMC_T1.dbo.UPDATE_EVENT_LOG",
									"storedProcedureParameters": {
										"date": {
											"type": "String",
											"value": {
												"value": "@variables('date')",
												"type": "Expression"
											}
										},
										"tenant": {
											"type": "String",
											"value": {
												"value": "@item()",
												"type": "Expression"
											}
										}
									},
									"queryTimeout": "02:00:00",
									"partitionOption": "None"
								},
								"sink": {
									"type": "ParquetSink",
									"storeSettings": {
										"type": "AzureBlobFSWriteSettings"
									},
									"formatSettings": {
										"type": "ParquetWriteSettings"
									}
								},
								"enableStaging": false,
								"translator": {
									"type": "TabularTranslator",
									"typeConversion": true,
									"typeConversionSettings": {
										"allowDataTruncation": true,
										"treatBooleanAsNumber": false
									}
								}
							},
							"inputs": [
								{
									"referenceName": "LocalSynapse",
									"type": "DatasetReference",
									"parameters": {
										"DBName": "FMC_T1"
									}
								}
							],
							"outputs": [
								{
									"referenceName": "Parquet",
									"type": "DatasetReference",
									"parameters": {
										"date": {
											"value": "@variables('date')",
											"type": "Expression"
										},
										"tenant": {
											"value": "@item()",
											"type": "Expression"
										},
										"table": "event_log_updated",
										"container": "t2-fmc"
									}
								}
							]
						}
					]
				}
			}
		],
		"parameters": {
			"tenants": {
				"type": "array",
				"defaultValue": []
			},
			"date": {
				"type": "string"
			},
			"lag": {
				"type": "int",
				"defaultValue": -30
			}
		},
		"variables": {
			"date": {
				"type": "String"
			}
		},
		"annotations": [],
		"lastPublishTime": "2024-02-08T10:50:07Z"
	},
	"type": "Microsoft.Synapse/workspaces/pipelines"
}