{
	"name": "T2_APP_EVENT_LOG_SPARKCONF",
	"properties": {
		"configs": {
			"spark.sql.sources.partitionOverwriteMode": "DYNAMIC",
			"spark.shuffle.file.buffer": "1MB",
			"spark.file.transferTo": "false",
			"spark.shuffle.unsafe.file.output.buffer": "1MB",
			"spark.io.compression.snappy.blockSize": "512k",
			"spark.io.compression.lz4.blockSize": "512k",
			"spark.shuffle.registration.timeout": "120000",
			"spark.files.maxPartitionBytes": "256m",
			"spark.microsoft.delta.optimizeWrite.enabled": "true",
			" spark.sql.autoBroadcastJoinThreshold": "1GB"
		},
		"created": "2024-05-27T13:47:47.494Z",
		"createdBy": "Andrei.Nekrasov@outseer.com",
		"annotations": [],
		"configMergeRule": {
			"artifact.currentOperation.spark.sql.sources.partitionOverwriteMode": "replace",
			"artifact.currentOperation.spark.shuffle.file.buffer": "replace",
			"artifact.currentOperation.spark.file.transferTo": "replace",
			"artifact.currentOperation.spark.shuffle.unsafe.file.output.buffer": "replace",
			"artifact.currentOperation.spark.io.compression.snappy.blockSize": "replace",
			"artifact.currentOperation.spark.io.compression.lz4.blockSize": "replace",
			"artifact.currentOperation.spark.shuffle.registration.timeout": "replace",
			"artifact.currentOperation.spark.files.maxPartitionBytes": "replace",
			"artifact.currentOperation.spark.microsoft.delta.optimizeWrite.enabled": "replace",
			"artifact.currentOperation. spark.sql.autoBroadcastJoinThreshold": "replace"
		}
	}
}